	/* /404.html */
	static const char name_404_html[] = {
0x2f, 0x34, 0x30, 0x34, 0x2e, 0x68, 0x74, 0x6d, 0x6c, 0,
};

__attribute__((aligned(2))) static const char data_404_html[] = {
	0x48, 0x54, 0x54, 0x50, 0x2f, 0x31, 0x2e, 0x30, 0x20, 0x34, 
	0x30, 0x34, 0x20, 0x46, 0x69, 0x6c, 0x65, 0x20, 0x6e, 0x6f, 
	0x74, 0x20, 0x66, 0x6f, 0x75, 0x6e, 0x64, 0xd, 0xa, 0x53, 
	0x65, 0x72, 0x76, 0x65, 0x72, 0x3a, 0x20, 0x75, 0x49, 0x50, 
	0x2f, 0x30, 0x2e, 0x39, 0x20, 0x28, 0x68, 0x74, 0x74, 0x70, 
	0x3a, 0x2f, 0x2f, 0x64, 0x75, 0x6e, 0x6b, 0x65, 0x6c, 0x73, 
	0x2e, 0x63, 0x6f, 0x6d, 0x2f, 0x61, 0x64, 0x61, 0x6d, 0x2f, 
	0x75, 0x69, 0x70, 0x2f, 0x29, 0xd, 0xa, 0x43, 0x6f, 0x6e, 
	0x74, 0x65, 0x6e, 0x74, 0x2d, 0x74, 0x79, 0x70, 0x65, 0x3a, 
	0x20, 0x74, 0x65, 0x78, 0x74, 0x2f, 0x68, 0x74, 0x6d, 0x6c, 
	0xd, 0xa, 0xd, 0xa, 0x3c, 0x68, 0x74, 0x6d, 0x6c, 0x3e, 
	0x3c, 0x62, 0x6f, 0x64, 0x79, 0x20, 0x62, 0x67, 0x63, 0x6f, 
	0x6c, 0x6f, 0x72, 0x3d, 0x22, 0x77, 0x68, 0x69, 0x74, 0x65, 
	0x22, 0x3e, 0x3c, 0x63, 0x65, 0x6e, 0x74, 0x65, 0x72, 0x3e, 
	0x3c, 0x68, 0x31, 0x3e, 0x34, 0x30, 0x34, 0x20, 0x2d, 0x20, 
	0x66, 0x69, 0x6c, 0x65, 0x20, 0x6e, 0x6f, 0x74, 0x20, 0x66, 
	0x6f, 0x75, 0x6e, 0x64, 0x3c, 0x2f, 0x68, 0x31, 0x3e, 0x3c, 
	0x2f, 0x63, 0x65, 0x6e, 0x74, 0x65, 0x72, 0x3e, 0x3c, 0x2f, 
	0x62, 0x6f, 0x64, 0x79, 0x3e, 0x3c, 0x2f, 0x68, 0x74, 0x6d, 
	0x6c, 0x3e, };

	/* /vapeserver.jpeg */
	static const char name_vapeserver_jpeg[] = {
0x2f, 0x76, 0x61, 0x70, 0x65, 0x73, 0x65, 0x72, 0x76, 0x65, 0x72, 0x2e, 0x6a, 0x70, 0x65, 0x67, 0,
};

__attribute__((aligned(2))) static const char data_vapeserver_jpeg[] = {
	0x48, 0x54, 0x54, 0x50, 0x2f, 0x31, 0x2e, 0x30, 0x20, 0x32, 
	0x30, 0x30, 0x20, 0x4f, 0x4b, 0xd, 0xa, 0x53, 0x65, 0x72, 
	0x76, 0x65, 0x72, 0x3a, 0x20, 0x75, 0x49, 0x50, 0x2f, 0x30, 
	0x2e, 0x39, 0x20, 0x28, 0x68, 0x74, 0x74, 0x70, 0x3a, 0x2f, 
	0x2f, 0x64, 0x75, 0x6e, 0x6b, 0x65, 0x6c, 0x73, 0x2e, 0x63, 
	0x6f, 0x6d, 0x2f, 0x61, 0x64, 0x61, 0x6d, 0x2f, 0x75, 0x69, 
	0x70, 0x2f, 0x29, 0xd, 0xa, 0x43, 0x6f, 0x6e, 0x74, 0x65, 
	0x6e, 0x74, 0x2d, 0x74, 0x79, 0x70, 0x65, 0x3a, 0x20, 0x74, 
	0x65, 0x78, 0x74, 0x2f, 0x70, 0x6c, 0x61, 0x69, 0x6e, 0xd, 
	0xa, 0xd, 0xa, 0xff, 0xd8, 0xff, 0xe1, 00, 0xca, 0x45, 
	0x78, 0x69, 0x66, 00, 00, 0x4d, 0x4d, 00, 0x2a, 00, 
	00, 00, 0x8, 00, 0x6, 0x1, 0x12, 00, 0x3, 00, 
	00, 00, 0x1, 00, 0x1, 00, 00, 0x1, 0x1a, 00, 
	0x5, 00, 00, 00, 0x1, 00, 00, 00, 0x56, 0x1, 
	0x1b, 00, 0x5, 00, 00, 00, 0x1, 00, 00, 00, 
	0x5e, 0x1, 0x28, 00, 0x3, 00, 00, 00, 0x1, 00, 
	0x2, 00, 00, 0x2, 0x13, 00, 0x3, 00, 00, 00, 
	0x1, 00, 0x1, 00, 00, 0x87, 0x69, 00, 0x4, 00, 
	00, 00, 0x1, 00, 00, 00, 0x66, 00, 00, 00, 
	00, 00, 00, 00, 0x48, 00, 00, 00, 0x1, 00, 
	00, 00, 0x48, 00, 00, 00, 0x1, 00, 0x7, 0x90, 
	00, 00, 0x7, 00, 00, 00, 0x4, 0x30, 0x32, 0x32, 
	0x31, 0x91, 0x1, 00, 0x7, 00, 00, 00, 0x4, 0x1, 
	0x2, 0x3, 00, 0xa0, 00, 00, 0x7, 00, 00, 00, 
	0x4, 0x30, 0x31, 0x30, 0x30, 0xa0, 0x1, 00, 0x3, 00, 
	00, 00, 0x1, 00, 0x1, 00, 00, 0xa0, 0x2, 00, 
	0x4, 00, 00, 00, 0x1, 00, 00, 0x5, 0xc4, 0xa0, 
	0x3, 00, 0x4, 00, 00, 00, 0x1, 00, 00, 0x3, 
	0x22, 0xa4, 0x6, 00, 0x3, 00, 00, 00, 0x1, 00, 
	00, 00, 00, 00, 00, 00, 00, 00, 00, 0xff, 
	0xdb, 00, 0x84, 00, 0x1c, 0x1c, 0x1c, 0x1c, 0x1c, 0x1c, 
	0x30, 0x1c, 0x1c, 0x30, 0x44, 0x30, 0x30, 0x30, 0x44, 0x5c, 
	0x44, 0x44, 0x44, 0x44, 0x5c, 0x74, 0x5c, 0x5c, 0x5c, 0x5c, 
	0x5c, 0x74, 0x8c, 0x74, 0x74, 0x74, 0x74, 0x74, 0x74, 0x8c, 
	0x8c, 0x8c, 0x8c, 0x8c, 0x8c, 0x8c, 0x8c, 0xa8, 0xa8, 0xa8, 
	0xa8, 0xa8, 0xa8, 0xc4, 0xc4, 0xc4, 0xc4, 0xc4, 0xdc, 0xdc, 
	0xdc, 0xdc, 0xdc, 0xdc, 0xdc, 0xdc, 0xdc, 0xdc, 0x1, 0x22, 
	0x24, 0x24, 0x38, 0x34, 0x38, 0x60, 0x34, 0x34, 0x60, 0xe6, 
	0x9c, 0x80, 0x9c, 0xe6, 0xe6, 0xe6, 0xe6, 0xe6, 0xe6, 0xe6, 
	0xe6, 0xe6, 0xe6, 0xe6, 0xe6, 0xe6, 0xe6, 0xe6, 0xe6, 0xe6, 
	0xe6, 0xe6, 0xe6, 0xe6, 0xe6, 0xe6, 0xe6, 0xe6, 0xe6, 0xe6, 
	0xe6, 0xe6, 0xe6, 0xe6, 0xe6, 0xe6, 0xe6, 0xe6, 0xe6, 0xe6, 
	0xe6, 0xe6, 0xe6, 0xe6, 0xe6, 0xe6, 0xe6, 0xe6, 0xe6, 0xe6, 
	0xe6, 0xe6, 0xe6, 0xff, 0xdd, 00, 0x4, 00, 0x1b, 0xff, 
	0xc0, 00, 0x11, 0x8, 0x1, 0x31, 0x1, 0xae, 0x3, 0x1, 
	0x22, 00, 0x2, 0x11, 0x1, 0x3, 0x11, 0x1, 0xff, 0xc4, 
	0x1, 0xa2, 00, 00, 0x1, 0x5, 0x1, 0x1, 0x1, 0x1, 
	0x1, 0x1, 00, 00, 00, 00, 00, 00, 00, 00, 
	0x1, 0x2, 0x3, 0x4, 0x5, 0x6, 0x7, 0x8, 0x9, 0xa, 
	0xb, 0x10, 00, 0x2, 0x1, 0x3, 0x3, 0x2, 0x4, 0x3, 
	0x5, 0x5, 0x4, 0x4, 00, 00, 0x1, 0x7d, 0x1, 0x2, 
	0x3, 00, 0x4, 0x11, 0x5, 0x12, 0x21, 0x31, 0x41, 0x6, 
	0x13, 0x51, 0x61, 0x7, 0x22, 0x71, 0x14, 0x32, 0x81, 0x91, 
	0xa1, 0x8, 0x23, 0x42, 0xb1, 0xc1, 0x15, 0x52, 0xd1, 0xf0, 
	0x24, 0x33, 0x62, 0x72, 0x82, 0x9, 0xa, 0x16, 0x17, 0x18, 
	0x19, 0x1a, 0x25, 0x26, 0x27, 0x28, 0x29, 0x2a, 0x34, 0x35, 
	0x36, 0x37, 0x38, 0x39, 0x3a, 0x43, 0x44, 0x45, 0x46, 0x47, 
	0x48, 0x49, 0x4a, 0x53, 0x54, 0x55, 0x56, 0x57, 0x58, 0x59, 
	0x5a, 0x63, 0x64, 0x65, 0x66, 0x67, 0x68, 0x69, 0x6a, 0x73, 
	0x74, 0x75, 0x76, 0x77, 0x78, 0x79, 0x7a, 0x83, 0x84, 0x85, 
	0x86, 0x87, 0x88, 0x89, 0x8a, 0x92, 0x93, 0x94, 0x95, 0x96, 
	0x97, 0x98, 0x99, 0x9a, 0xa2, 0xa3, 0xa4, 0xa5, 0xa6, 0xa7, 
	0xa8, 0xa9, 0xaa, 0xb2, 0xb3, 0xb4, 0xb5, 0xb6, 0xb7, 0xb8, 
	0xb9, 0xba, 0xc2, 0xc3, 0xc4, 0xc5, 0xc6, 0xc7, 0xc8, 0xc9, 
	0xca, 0xd2, 0xd3, 0xd4, 0xd5, 0xd6, 0xd7, 0xd8, 0xd9, 0xda, 
	0xe1, 0xe2, 0xe3, 0xe4, 0xe5, 0xe6, 0xe7, 0xe8, 0xe9, 0xea, 
	0xf1, 0xf2, 0xf3, 0xf4, 0xf5, 0xf6, 0xf7, 0xf8, 0xf9, 0xfa, 
	0x1, 00, 0x3, 0x1, 0x1, 0x1, 0x1, 0x1, 0x1, 0x1, 
	0x1, 0x1, 00, 00, 00, 00, 00, 00, 0x1, 0x2, 
	0x3, 0x4, 0x5, 0x6, 0x7, 0x8, 0x9, 0xa, 0xb, 0x11, 
	00, 0x2, 0x1, 0x2, 0x4, 0x4, 0x3, 0x4, 0x7, 0x5, 
	0x4, 0x4, 00, 0x1, 0x2, 0x77, 00, 0x1, 0x2, 0x3, 
	0x11, 0x4, 0x5, 0x21, 0x31, 0x6, 0x12, 0x41, 0x51, 0x7, 
	0x61, 0x71, 0x13, 0x22, 0x32, 0x81, 0x8, 0x14, 0x42, 0x91, 
	0xa1, 0xb1, 0xc1, 0x9, 0x23, 0x33, 0x52, 0xf0, 0x15, 0x62, 
	0x72, 0xd1, 0xa, 0x16, 0x24, 0x34, 0xe1, 0x25, 0xf1, 0x17, 
	0x18, 0x19, 0x1a, 0x26, 0x27, 0x28, 0x29, 0x2a, 0x35, 0x36, 
	0x37, 0x38, 0x39, 0x3a, 0x43, 0x44, 0x45, 0x46, 0x47, 0x48, 
	0x49, 0x4a, 0x53, 0x54, 0x55, 0x56, 0x57, 0x58, 0x59, 0x5a, 
	0x63, 0x64, 0x65, 0x66, 0x67, 0x68, 0x69, 0x6a, 0x73, 0x74, 
	0x75, 0x76, 0x77, 0x78, 0x79, 0x7a, 0x82, 0x83, 0x84, 0x85, 
	0x86, 0x87, 0x88, 0x89, 0x8a, 0x92, 0x93, 0x94, 0x95, 0x96, 
	0x97, 0x98, 0x99, 0x9a, 0xa2, 0xa3, 0xa4, 0xa5, 0xa6, 0xa7, 
	0xa8, 0xa9, 0xaa, 0xb2, 0xb3, 0xb4, 0xb5, 0xb6, 0xb7, 0xb8, 
	0xb9, 0xba, 0xc2, 0xc3, 0xc4, 0xc5, 0xc6, 0xc7, 0xc8, 0xc9, 
	0xca, 0xd2, 0xd3, 0xd4, 0xd5, 0xd6, 0xd7, 0xd8, 0xd9, 0xda, 
	0xe2, 0xe3, 0xe4, 0xe5, 0xe6, 0xe7, 0xe8, 0xe9, 0xea, 0xf2, 
	0xf3, 0xf4, 0xf5, 0xf6, 0xf7, 0xf8, 0xf9, 0xfa, 0xff, 0xda, 
	00, 0xc, 0x3, 0x1, 00, 0x2, 0x11, 0x3, 0x11, 00, 
	0x3f, 00, 0xd0, 0xc5, 0x26, 0x2a, 0x50, 0x29, 0x78, 0xac, 
	0xcb, 0x23, 0xc5, 0x1b, 0x6a, 0x4a, 0x4e, 0x28, 0x1, 0x31, 
	0x4b, 0x49, 0x9a, 0x28, 00, 0xa3, 0x38, 0xa3, 0x14, 0x6d, 
	0xa0, 0x4, 0xcd, 0x14, 0x62, 0x8a, 00, 0x28, 0xa5, 0xa4, 
	0xc5, 00, 0x19, 0xa4, 0xa5, 0xdb, 0x4e, 0xdb, 0x40, 0xc, 
	0xa6, 0xd4, 0xdb, 0x68, 0xdb, 0x40, 0x11, 0x1, 0x52, 00, 
	0x28, 0xc6, 0x29, 0x68, 0x1, 0x29, 0x31, 0x4f, 0xc5, 0x18, 
	0xa0, 0x8, 0xf1, 0x4b, 0xb6, 0x9d, 0x4d, 0x2d, 0xb7, 0x8a, 
	0x10, 0xe, 0x9, 0x4f, 00, 0x54, 0x1b, 0xda, 0x93, 0x7b, 
	0x7a, 0xd5, 0x72, 0x93, 0xcc, 0x4c, 0x71, 0x4d, 0xcd, 0x45, 
	0x96, 0xf5, 0xa3, 0x9f, 0x5a, 0x39, 0x43, 0x98, 0x92, 0x96, 
	0xa2, 0xe6, 0x8c, 0x91, 0x47, 0x28, 0x73, 0xf, 0xa4, 0xe6, 
	0x9c, 0xb8, 0x6a, 0x7e, 0x2a, 0x4a, 0x23, 0xdb, 0x4a, 0x16, 
	0xa4, 0xc5, 0x2d, 00, 0x34, 0x2d, 0x38, 0x51, 0x45, 00, 
	0x2d, 0x14, 0x94, 0x94, 0x8, 0x5a, 0x4a, 0x29, 0x28, 0x18, 
	0x53, 0x73, 0x4e, 0xc5, 0x1b, 0x69, 00, 0xda, 0x5a, 0x76, 
	0xda, 0x5c, 0x53, 0x1, 00, 0xa5, 0xc5, 0x19, 0xa3, 0x34, 
	00, 0x62, 0x8e, 0x29, 0xa4, 0xd3, 0x73, 0x40, 0xf, 0xc8, 
	0xa4, 0xdd, 0x4c, 0xa3, 0x14, 00, 0xb9, 0xa4, 0xcd, 0x14, 
	0xa2, 0x80, 0x12, 0x9e, 0x29, 0x31, 0x45, 00, 0x2d, 0x25, 
	0x2d, 0x14, 0x1, 0xff, 0xd0, 0xd4, 0xcd, 0x37, 0x34, 0xb8, 
	0xa3, 0x15, 0x99, 0x62, 0x51, 0x8a, 0x5a, 0x5c, 0x50, 0x3, 
	0x40, 0xa7, 0x52, 0xe2, 0x96, 0x80, 0x1b, 0x4b, 0x8a, 0x5a, 
	0x63, 0xc9, 0x1c, 0x43, 0x2e, 0x40, 0xa0, 0x7, 0x62, 0x93, 
	0x15, 0x9e, 0xf7, 0xcc, 0x4e, 0xd8, 0x97, 0x3, 0xd4, 0xff, 
	00, 0x85, 0x40, 0x67, 0x9c, 0xff, 00, 0x19, 0xfc, 0x5, 
	0x52, 0x83, 0x32, 0x75, 0xa2, 0x8d, 0x81, 0x4b, 0x58, 0xbe, 
	0x6c, 0xdf, 0xdf, 0x34, 0x9b, 0xe4, 0x3f, 0xc6, 0xd4, 0xf9, 
	0x9, 0xf6, 0xf1, 0x36, 0xf3, 0x51, 0x34, 0xca, 0xbd, 0x39, 
	0xac, 0x9d, 0xcc, 0x7f, 0x8c, 0xfe, 0x74, 0xcc, 0xe, 0x99, 
	0x3f, 0x9d, 0x35, 0x1, 0x3a, 0xeb, 0xb1, 0xab, 0xf6, 0x83, 
	0xe9, 0x47, 0xda, 0xf, 0xa5, 0x65, 0xaa, 0x6e, 0xe0, 0x73, 
	0x4d, 0xfd, 0xdf, 0x14, 0xf9, 0x50, 0x2a, 0xad, 0xec, 0x8d, 
	0x6f, 0xb4, 0x7b, 0x52, 0x7d, 0xa3, 0xe9, 0x59, 0x78, 0x8c, 
	0x1e, 0x40, 0xe2, 0x8d, 0xab, 0x8e, 0x80, 0xe6, 0x95, 0x90, 
	0xf9, 0xa5, 0xd8, 0xd4, 0xfb, 0x47, 0xb8, 0xa5, 0xf3, 0x9b, 
	0x19, 0xe2, 0xb3, 0x42, 0x2e, 0xcd, 0xff, 00, 0x2f, 0x1d, 
	0x46, 0x39, 0xa9, 0x6d, 0xff, 00, 0xd5, 0xd1, 0xca, 0x82, 
	0x33, 0x7b, 0x32, 0xe7, 0x9a, 0xc7, 0x8a, 0x5a, 0x81, 0x7e, 
	0xfd, 0x58, 0x14, 0xd2, 0x2d, 0x89, 0x90, 0x28, 0xcd, 0x34, 
	0xe3, 0x34, 0x64, 0x52, 0x1, 0xd9, 0xa5, 0xcd, 0x33, 0x22, 
	0x8c, 0x8a, 0x6, 0x3f, 0x34, 0x53, 0x32, 0x29, 0xe2, 0x9a, 
	0x10, 0xb9, 0xc7, 0x22, 0x9e, 0xb2, 0x76, 0x6a, 0x61, 0xa6, 
	0x75, 0xe2, 0x86, 0x81, 0x31, 0x8d, 0x7c, 0x14, 0xe3, 0x65, 
	0x5a, 0x8d, 0x9e, 0x48, 0xc4, 0x80, 00, 0x8, 0xac, 0x49, 
	0xb8, 0x7a, 0xd7, 0xb2, 0x38, 0x80, 0x29, 0xed, 0xc5, 0x2e, 
	0x55, 0x63, 0x38, 0xcd, 0xde, 0xc4, 0x3f, 0x6c, 0x61, 0xc1, 
	0x3, 0x34, 0xab, 0x72, 0xef, 0xc0, 00, 0x60, 0x7a, 0x54, 
	0x66, 0x48, 0xe2, 0x5, 0x4f, 0xde, 0xe7, 0xf4, 0xa8, 0xc5, 
	0xd4, 0x20, 0x82, 0xe7, 0xa7, 0xb7, 0x6a, 0x49, 0x22, 0xee, 
	0xec, 0x5a, 0x13, 0xc8, 0x47, 00, 0x1f, 0xa5, 0x1e, 0x64, 
	0xdc, 0xe3, 0x1c, 0xc, 0xf4, 0xaa, 0x51, 0xdd, 0x44, 0x83, 
	0x19, 0x3f, 0x85, 0x38, 0xde, 0x42, 0x41, 0xe0, 0xf4, 0xc5, 
	0x9, 0x20, 0x6d, 0xd8, 0xb9, 0xbe, 0x5c, 0x67, 0x8a, 0x42, 
	0xd2, 0x1, 0xf7, 0xba, 0x1f, 0x4a, 0xa0, 0x2f, 0x36, 0x8c, 
	0x27, 0x14, 0xa6, 0xf1, 0x48, 0x20, 0xa9, 0xe7, 0x14, 0x24, 
	0x81, 0xde, 0xda, 0x1a, 0x39, 0x97, 0xb3, 0x71, 0x51, 0xb3, 
	0xba, 0xa8, 0x3b, 0xce, 0x73, 0x8a, 0xa0, 0x2f, 0x18, 0x60, 
	0x28, 0xc0, 0x14, 0xe3, 0x74, 0x5d, 0x70, 0x14, 0x75, 0xcd, 
	0x9, 0x21, 0xbb, 0xf4, 0x2e, 0xee, 0x97, 0x1f, 0x7a, 0xac, 
	0x42, 0xa1, 0xe2, 0x4, 0x93, 0x9a, 0xc6, 0x33, 0xc9, 0xd4, 
	0x8c, 0xf, 0x4a, 0xb3, 0x6, 0xa1, 0xb3, 0x8, 0xe0, 0x5, 
	0xcf, 0xe5, 0x4d, 0x21, 0x32, 0x37, 0x77, 0x7, 0x1, 0x8d, 
	0x33, 0x7c, 0x9f, 0xde, 0x34, 0xe9, 0xc0, 0x13, 0x9c, 0x74, 
	0x34, 0xca, 0xb4, 0x91, 0xc9, 0x29, 0x34, 0xc9, 0x12, 0xe2, 
	0x64, 0xef, 0xb8, 0x7a, 0x1a, 0xb9, 0x1d, 0xdc, 0x4d, 0xc3, 
	0xfc, 0xa7, 0xde, 0xb3, 0xe8, 0xf6, 0xc5, 0x27, 0x4, 0x54, 
	0x6b, 0x49, 0x1b, 0x7c, 0x1e, 0x94, 0x62, 0xb1, 0xe3, 0x91, 
	0xe3, 0xff, 00, 0x56, 0x70, 0x3d, 0x3b, 0x56, 0x84, 0x57, 
	0x28, 0xff, 00, 0x29, 0xf9, 0x5b, 0xd2, 0xb3, 0x71, 0xb1, 
	0xd3, 0xa, 0xaa, 0x44, 0xf8, 0xa2, 0x8c, 0xd2, 0x54, 0x9a, 
	0x8b, 0x49, 0x9a, 0x4a, 0x5c, 0x50, 0x1, 0x9a, 0x5a, 0x31, 
	0x4b, 0x40, 0x1f, 0xff, 0xd1, 0xd3, 0xa5, 0xa6, 0x53, 0xab, 
	0x33, 0x41, 0xdc, 0x52, 0xd3, 0x40, 0xa7, 0x62, 0x81, 0x5, 
	0x21, 0x20, 0x72, 0x7a, 0x53, 0x5d, 0x96, 0x35, 0xde, 0xe7, 
	00, 0x56, 0x54, 0xd2, 0xb4, 0xdd, 0x78, 0x5e, 0xcb, 0xfe, 
	0x34, 0xd4, 0x6e, 0x44, 0xe6, 0xa2, 0x58, 0x96, 0xf0, 0x9f, 
	0x96, 0xe, 0x9f, 0xde, 0xff, 00, 0xa, 0xa5, 0x8c, 0x9d, 
	0xc7, 0x93, 0xeb, 0x46, 0x38, 0xa5, 0x15, 0xb2, 0x8a, 0x47, 
	0x14, 0xea, 0x39, 0x11, 0x9f, 0xbe, 0x29, 0xd4, 0xd6, 0xc6, 
	0xf5, 0xc5, 0x3e, 0x99, 0x2c, 0x29, 0x29, 0x68, 0xa0, 0x91, 
	0x28, 0xa5, 0xa9, 0xa0, 0x70, 0x92, 0x82, 0xd8, 0xc7, 0x4a, 
	0x6, 0x86, 0xa7, 0x19, 0xe3, 0x1f, 0x29, 0xfe, 0x54, 0xd8, 
	0x63, 0x32, 0xdb, 00, 0x33, 0x9e, 0xb5, 0x75, 0xc9, 0x65, 
	0x24, 0x72, 0x39, 0xfc, 0x38, 0xe9, 0x59, 0xa, 0xcb, 0x1a, 
	0x80, 0xb2, 0xaf, 0x4e, 0xc7, 0x15, 0xc, 0xeb, 0xa4, 0xac, 
	0x89, 0x96, 0x1b, 0x95, 0x21, 0x96, 0x33, 0x91, 0xd3, 0x23, 
	0x81, 0x56, 0x16, 0x3b, 0xd6, 0x23, 0x28, 0xc3, 0xdb, 0x8c, 
	0x56, 0x79, 0x97, 0xfe, 0x9a, 0x7f, 0xe3, 0xc6, 0x80, 0xef, 
	0x9e, 0x24, 0x3f, 0x99, 0x34, 0x8d, 0x4b, 0xf8, 0x38, 0x91, 
	0x4f, 0x64, 0xa7, 0x5b, 0xfd, 0xc3, 0xf5, 0xa8, 0xd4, 0xa7, 
	0x2a, 0x8d, 0xb8, 0xf9, 0x67, 0x3c, 0x62, 0x9f, 0x6d, 0xf7, 
	0x4f, 0xd6, 0xab, 0xa1, 0x97, 0xda, 0x27, 0x5f, 0xbf, 0x56, 
	0x5, 0x57, 0xfe, 0x21, 0x53, 0x8a, 0x11, 0x64, 0x13, 0x1d, 
	0xa4, 0x54, 0x3b, 0xea, 0xd3, 0xa9, 0x23, 0xe5, 0x19, 0x35, 
	0x6, 0xc9, 0xff, 00, 0xba, 0x5, 0x20, 0x43, 0x77, 0x9f, 
	0x4a, 0x4d, 0xe7, 0xd2, 0x9d, 0xe4, 0xce, 0x7d, 0x29, 0x3c, 
	0x89, 0xbd, 0x45, 0x3, 0x13, 0x79, 0x15, 0x66, 0x16, 0xdd, 
	0x55, 0xc4, 0x12, 0x7a, 0xad, 0x58, 0x8d, 0xa, 0xf2, 0x48, 
	0xa0, 0x44, 0xc6, 0xa1, 0x3c, 0x1a, 0x97, 0x22, 0xa2, 0x62, 
	0x29, 0x82, 0x29, 0x4a, 0xaa, 0x5b, 0x73, 0x70, 0x1, 0xe7, 
	0x15, 0x39, 0x4f, 0x32, 0x3d, 0x90, 0x37, 0x3b, 0xbb, 0x9c, 
	0x71, 0x8e, 0x2a, 0x9, 0xd4, 0x93, 0xc0, 0xa6, 0x32, 0x38, 
	0x3b, 0xf1, 0x8c, 0x1, 0xf8, 0x51, 0xd0, 0xc7, 0x66, 0x47, 
	0xb0, 0xa4, 0xc2, 0x19, 0x47, 0xcc, 0x6a, 0x61, 0x6f, 0x13, 
	0x64, 0x6, 0x5e, 0x2a, 0xb2, 0x43, 0x93, 0x9c, 0x97, 0x23, 
	0xd6, 0x9f, 0xf6, 0x77, 0xee, 0x3f, 0x51, 0x53, 0x63, 0x4e, 
	0x74, 0x86, 0xc6, 0xa8, 0xf3, 0x18, 0xb2, 00, 0x1d, 0xfb, 
	0x54, 0xa2, 0x1b, 0x7e, 0x73, 0x27, 0x4f, 0x6c, 0x7e, 0x55, 
	0xa, 0xdb, 0xed, 0xf4, 0xfc, 0xe9, 0xfe, 0x4f, 0x1c, 0x6d, 
	0xfc, 0xe8, 0xe5, 0xf, 0x68, 0x86, 0x45, 0xe4, 0xb9, 0x20, 
	0x9c, 0x1, 0x52, 0x81, 0x6a, 0x1, 0xdc, 0xcc, 0x31, 0xdb, 
	0x2, 0x98, 0x20, 0x55, 0xe3, 0x2b, 0xf9, 0xd1, 0xe4, 0xa6, 
	0x30, 0xa, 0x1, 0x45, 0x83, 0xda, 0xc, 0x85, 0xa1, 0x60, 
	0x4c, 0xb9, 0xeb, 0xc6, 0xde, 0x2a, 0x57, 0x36, 0x8a, 0x99, 
	0x5d, 0xd9, 0xed, 0xcf, 0x14, 0xd1, 0xc, 0x60, 0x63, 0x72, 
	0xd2, 0xf9, 0x31, 0xe3, 0x1b, 0x87, 0xe5, 0x45, 0x85, 0xed, 
	0x6, 0x44, 0xf0, 0xf9, 0x79, 0x94, 0x1c, 0xf6, 0xe7, 0x3, 
	0x14, 0x3f, 0x95, 0xc0, 0x5f, 0x94, 0x9f, 0x5e, 0x95, 0x20, 
	0x48, 0xd7, 0x8d, 0xdf, 0xa5, 0x5, 0x23, 0x3c, 0x9e, 0xdf, 
	0xec, 0xd1, 0xca, 0x1e, 0xd1, 0x12, 0xc9, 0x22, 0xbb, 0x23, 
	0x28, 0xc7, 0x18, 0xfc, 0xa8, 0xa8, 0x80, 0xc9, 00, 0x74, 
	0x15, 0x2d, 0x68, 0x8e, 0x59, 0xee, 0x14, 0x9b, 0x93, 0xd6, 
	0x9d, 0x51, 0xc6, 0x4e, 0xdc, 0xa, 0x9, 0x49, 0xe, 0xca, 
	0x7a, 0xfe, 0x94, 0xbb, 0x90, 0xf0, 0x4f, 0x1f, 0x4e, 0x94, 
	0xb9, 0x34, 0x73, 0xf8, 0x50, 0x34, 0xcb, 0x10, 0xdc, 0xed, 
	0x3b, 0x5f, 0xa7, 0x63, 0x5a, 0x20, 0xa, 0xc6, 0xe7, 0xf0, 
	0xa9, 0xe0, 0x9f, 0xca, 0x21, 0x5b, 0xee, 0x7f, 0x2a, 0xce, 
	0x50, 0xec, 0x74, 0xd2, 0xad, 0xd1, 0x9a, 0x7c, 0x52, 0x52, 
	0xd2, 0x56, 0x67, 0x50, 0x51, 0x45, 0x25, 00, 0x7f, 0xff, 
	0xd2, 0xd5, 0xc5, 0x2e, 0x28, 0xa4, 0xac, 0xcb, 0x1d, 0x4d, 
	0x67, 0x54, 0x52, 0xcd, 0xc0, 0x14, 0x56, 0x55, 0xd4, 0xc2, 
	0x49, 0x44, 0x23, 0xee, 0xaf, 0x5f, 0x73, 0x4d, 0x2b, 0x93, 
	0x29, 0x72, 0xab, 0x8c, 0x92, 0x66, 0x99, 0xf7, 0x1e, 00, 
	0xfb, 0xa2, 0xa3, 0xed, 0xcd, 0x14, 0x56, 0xe9, 0x58, 0xf3, 
	0xe5, 0x2b, 0xee, 0x18, 0xa5, 0x18, 0x34, 0x94, 0xb4, 0x12, 
	0x46, 0xd8, 0xde, 0xb8, 0xa9, 0x2a, 0x29, 0x78, 0xda, 0x45, 
	0x4b, 0x91, 0x6f, 00, 0x9e, 0x5f, 0x99, 0x9b, 0xee, 0x2f, 
	0x6f, 0xa9, 0xa5, 0xb1, 0xac, 0x61, 0xcd, 0xb0, 0xe0, 0xac, 
	0x46, 0x40, 0xe2, 0x93, 0x4, 0x75, 0x15, 0x42, 0x49, 0x8c, 
	0xbf, 0x78, 0x92, 0xed, 0xf8, 0x1, 0xed, 0x8a, 0x89, 0x5f, 
	0xcb, 0x38, 0x89, 0x8e, 0x7d, 0x47, 0x4f, 0xca, 0x97, 0x31, 
	0xa7, 0xb0, 0xd0, 0xd3, 0xa5, 0xc, 0xca, 0xdb, 0x97, 0x83, 
	0x44, 0x6e, 0x27, 0x8c, 0xc8, 0xa3, 0xc, 0xbf, 0x78, 0x76, 
	0xfa, 0x8a, 0x4a, 0xa3, 0x9, 0x47, 0x94, 0xb1, 0x13, 0xcb, 
	0x23, 0x8c, 0xb7, 0xdd, 0x19, 0xe9, 0xfd, 0x2a, 0x4c, 0xec, 
	0x6d, 0x87, 00, 0x9c, 0x63, 0xe5, 0xaa, 0xaa, 0xe5, 0x39, 
	0x15, 0x21, 0xb8, 0x97, 0x76, 0xec, 0x8f, 0xcb, 0xf9, 0x52, 
	0xb1, 0x4a, 0x5a, 0x12, 0x5c, 0x48, 0xd1, 0x90, 0xa0, 0xe, 
	0x9c, 0xe0, 0x55, 0x6f, 0x39, 0x16, 0x4f, 0xba, 0xe1, 0x73, 
	0xe9, 0x52, 0x9, 0x4e, 00, 0x60, 0xad, 0x8f, 0x51, 0x50, 
	0x48, 0x4f, 0xd, 0xe8, 0x69, 0x72, 0x9a, 0x46, 0xad, 0xb4, 
	0x2d, 0x99, 0x24, 0x65, 0x91, 0x18, 0xff, 00, 0x6, 0x40, 
	0xf4, 0xa8, 0xad, 0x7a, 0x35, 0x34, 0xce, 0xec, 0xfe, 0x5f, 
	00, 0x1e, 0xb8, 0x14, 0xb6, 0xa7, 0xef, 0xf, 0xa5, 0x1d, 
	0x6, 0x9d, 0xda, 0x2c, 0xf7, 0x15, 0x31, 0x21, 0x57, 0x27, 
	0xb5, 0x40, 0x69, 0xcd, 0xc8, 0x14, 0x8d, 0x88, 0x27, 0xbb, 
	0xf2, 0xc8, 0x55, 0x52, 0xc7, 0xf2, 0x15, 0x50, 0xde, 0xcd, 
	0xd0, 0x44, 0x3f, 0x5a, 0x65, 0xc9, 0xc2, 0xa7, 0xd2, 0xab, 
	0xae, 0xf7, 0xe0, 0x52, 0x28, 0xb1, 0xf6, 0xbb, 0xae, 0xbb, 
	0x14, 0x7e, 0x14, 0x9f, 0x6c, 0xb9, 0x1c, 0xed, 0x5f, 0xcb, 
	0xff, 00, 0xaf, 0x4d, 0xfb, 0x3c, 0xe4, 0xe5, 0x80, 0xa3, 
	0xec, 0xd3, 0xfa, 0xf, 0xce, 0x80, 0x1f, 0xf6, 0xcb, 0x83, 
	0xd3, 0x6f, 0xe5, 0x43, 0xdd, 0x5c, 0x93, 0xf2, 0x91, 0x8f, 
	0xa0, 0xa6, 0x7d, 0x92, 0x6f, 0x41, 0x4e, 0xfb, 0x24, 0xdf, 
	0xec, 0x81, 0x40, 0xd, 0xfb, 0x55, 0xd0, 0xea, 0xc3, 0x1e, 
	0xc0, 0x51, 0xf6, 0x9b, 0xa2, 0x7e, 0x57, 0xe3, 0xe8, 0x29, 
	0xff, 00, 0x63, 0x97, 0xd4, 0x50, 0x2c, 0xe4, 0xf5, 0x14, 
	00, 0xcf, 0xb5, 0x5e, 0xe, 0xb2, 0x7e, 0x58, 0xff, 00, 
	0xa, 0x7a, 0x4f, 0x33, 0xc, 0xbc, 0xa4, 0x1f, 0xc3, 0xfc, 
	0x29, 0x7e, 0xc7, 0x28, 0xfe, 0x31, 0xf9, 0x54, 0x6f, 0x66, 
	0xea, 0x3a, 0x82, 0x7b, 0x71, 0x8a, 00, 0x70, 0x9d, 0xf7, 
	0x6d, 0x7f, 0x9d, 0x7f, 0x5a, 0xb8, 0x91, 0xab, 0x90, 0xa1, 
	0x47, 0x3d, 0x38, 0xac, 0xd8, 0xba, 0x1c, 0xfd, 0x2b, 0x4e, 
	0xd4, 0x33, 0x44, 0x85, 0xe, 0xa, 0x82, 0x3f, 0x1, 0x4d, 
	0x19, 0xd4, 0x8e, 0x97, 0x25, 0xfb, 0x3c, 00, 0x9c, 0x9e, 
	0x6, 0x7, 0x2, 0x98, 0x20, 0x3b, 0x8a, 0xa0, 0x7, 0x6f, 
	0xd2, 0x95, 0x1d, 0xf0, 0x5d, 00, 0xc2, 0x63, 0x8c, 0x71, 
	0x53, 0x24, 0x45, 0xc1, 0x76, 0x1f, 0xeb, 0x3b, 0x8c, 0x71, 
	0x54, 0x73, 0xd8, 0xae, 0xf1, 0x79, 0x78, 0xd, 0x8c, 0xfb, 
	0x53, 0x38, 0xab, 0x33, 0xc5, 0xb4, 0x2e, 0xd1, 0xc2, 0x8c, 
	0x13, 0xc5, 0x55, 0xa6, 0x8c, 0xe4, 0xac, 0x2f, 0x3d, 0xe8, 
	0xcf, 0xa5, 0x25, 0x14, 0x12, 0x3b, 0xeb, 0x49, 0x9a, 0x4a, 
	0xb9, 0x5, 0xba, 0xc8, 0x39, 0x6f, 0xca, 0x86, 0xec, 0x54, 
	0x60, 0xe5, 0xa2, 0x29, 0xd1, 0x5a, 0x32, 0xd9, 00, 0xa0, 
	0xc6, 0x79, 0xf4, 0x34, 0xd1, 0x62, 0x71, 0xcb, 0x7e, 0x95, 
	0x3c, 0xc8, 0xd3, 0xd8, 0xc8, 0xa3, 0xc7, 0x6a, 0x89, 0x38, 
	0x24, 0x56, 0xb4, 0x76, 0x63, 0x24, 0x48, 0x7e, 0x98, 0xe2, 
	0xa3, 0xb8, 0xb4, 0x48, 0x97, 0xcc, 0x4c, 0xfa, 0x1a, 0x7c, 
	0xc8, 0x3d, 0x94, 0x92, 0x28, 0xf4, 0xa4, 0xa5, 0xda, 0x3b, 
	0x52, 0x62, 0x99, 0x90, 0xb4, 0x11, 0xf2, 0xd1, 0x8a, 0x5a, 
	0x62, 0x2c, 0xd9, 0xcf, 0xff, 00, 0x2c, 0x9b, 0xf0, 0xad, 
	0x1a, 0xe7, 0x86, 0x41, 0xc8, 0xed, 0x5b, 0x90, 0xbf, 0x99, 
	0x18, 0x6a, 0xca, 0x71, 0x3b, 0xe8, 0xca, 0xea, 0xc4, 0x94, 
	0x62, 0x96, 0x8a, 0xcc, 0xd8, 0xff, 0xd3, 0xd6, 0xe2, 0x8a, 
	0x4a, 0x31, 0x59, 0x96, 0x41, 0x73, 0x2f, 0x95, 0x11, 0x61, 
	0xd7, 0xa0, 0xac, 0x34, 0xfb, 0xf5, 0x6a, 0xfe, 0x70, 0xd2, 
	0x8, 0x93, 0x9d, 0xbd, 0x6a, 0x92, 0x3e, 0x1b, 0x91, 0x5a, 
	0xc3, 0x63, 0x9e, 0xaa, 0x6c, 0xb5, 0x4b, 0x45, 0x15, 0xa1, 
	0xc6, 0x14, 0x51, 0x4a, 0x28, 0x11, 0x5a, 0x46, 0xc, 0x40, 
	0x1d, 0x5, 0x4d, 0xaa, 0x6, 0xf3, 0x23, 0x1f, 0xc3, 0xb3, 
	0x8a, 0xab, 0x5a, 0x91, 0xb4, 0x37, 0x90, 0xb, 0x79, 0x4e, 
	0x1d, 0x7e, 0xe9, 0xa8, 0x67, 0x5d, 0x3d, 0x34, 0x32, 0xa3, 
	0x68, 0xd1, 0xc6, 0xf4, 0xdf, 0x1e, 0x39, 0x15, 0x18, 0x5c, 
	0xb8, 0x54, 0x1c, 0x1f, 0xce, 0xaf, 0x35, 0x85, 0xd4, 0x4d, 
	0xc2, 0x6f, 0x1e, 0xd5, 0x76, 0x28, 0x2e, 0x9d, 0x70, 0x55, 
	0x20, 0x4e, 0xe7, 0xbd, 0x49, 0xb9, 0x5e, 0xc2, 0x3d, 0xa2, 
	0x56, 0x3d, 0x2, 0xe2, 0x99, 0x56, 0xa5, 0x96, 0x25, 0x8f, 
	0xec, 0xd6, 0xff, 00, 0x75, 0x7a, 0x9f, 0x5a, 0xab, 0x56, 
	0x8e, 0x3a, 0xae, 0xec, 0x5a, 0x3d, 0xa8, 0xa2, 0x99, 0x90, 
	0x53, 0x1b, 0xe6, 0xf9, 0x17, 0xb7, 0x5a, 0x52, 0x49, 0xf9, 
	0x57, 0x81, 0xdc, 0xd4, 0x7d, 0x46, 0xd5, 0xe1, 0x47, 0x53, 
	0x41, 0x49, 0xe, 0x1c, 0xc9, 0xb8, 0x74, 0x14, 0xd4, 0x6d, 
	0x8c, 0x18, 0x52, 0xe0, 0x95, 0xe0, 0x85, 0x5e, 0xd9, 0xe2, 
	0x9b, 0xb3, 0xd1, 0x81, 0xf6, 0x14, 0x8d, 0x2c, 0x69, 0x2b, 
	0x2b, 0xae, 0x56, 0x98, 0xed, 0xb3, 0x6f, 0x61, 0x9c, 0x55, 
	0x5, 0xde, 0x18, 0x63, 0xe5, 0xf7, 0xa9, 0x2e, 0xc, 0x81, 
	0x54, 0x3b, 0x6, 0xfa, 0xa, 0x9b, 0x1b, 0x46, 0x44, 0x93, 
	0x5b, 0x97, 00, 0x75, 0xfa, 0x55, 0x6, 0xf3, 0x60, 0x6d, 
	0xa4, 0x71, 0xfc, 0x39, 0xab, 0xb0, 0xdc, 0xe1, 0x44, 0x72, 
	0x8d, 0xcb, 0xed, 0xc1, 0xa9, 0xbc, 0x9b, 0x19, 0x48, 0xc3, 
	0x3a, 0xfa, 0x54, 0x9a, 0xa3, 0x33, 0xed, 0x33, 0x7b, 0x71, 
	0x47, 0xda, 0xa6, 0xf5, 0xab, 0xff, 00, 0x63, 0xb2, 0x3c, 
	0x89, 0x9b, 0xf2, 0x1f, 0xe1, 0x4e, 0x16, 0x56, 0x1d, 0x7c, 
	0xe6, 0xfc, 0x87, 0xf8, 0x50, 0x6, 0x69, 0xb9, 0x9b, 0x3d, 
	0x68, 0xfb, 0x4c, 0xde, 0xb5, 0xa7, 0xf6, 0x4b, 0x1e, 0xbe, 
	0x73, 0xfe, 0x43, 0xfc, 0x28, 0xf2, 0x34, 0xd0, 0x70, 0x5a, 
	0x43, 0x4e, 0xe0, 0x66, 0x7d, 0xa2, 0x73, 0xfc, 0x54, 0xdf, 
	0x3e, 0x5e, 0xec, 0x6b, 0x58, 0x43, 0xa6, 0xf, 0xf9, 0xe9, 
	0xf9, 0x9a, 0xc, 0x5a, 0x66, 0x38, 0xf3, 0x3f, 0x5a, 0x5, 
	0xa1, 0x92, 0x67, 0x97, 0x38, 0xc, 0x71, 0xdb, 0x34, 0xdd, 
	0xd2, 0xb7, 0xca, 0x4f, 0x15, 0xab, 0xe5, 0x69, 0xbf, 0xdc, 
	0x90, 0xfe, 0x34, 0xf4, 0xfb, 0x4, 0x7f, 0x76, 0x16, 0xe7, 
	0xd4, 0xd0, 0x17, 0x46, 0x58, 0xe7, 0x8, 0xa3, 0x24, 0xf4, 
	0x15, 0xb5, 0x6f, 0x9, 0xb7, 0x31, 0xc4, 0xff, 00, 0x7b, 
	0x7, 0x3f, 0x8f, 0x6a, 0x54, 0xb9, 0x82, 0x33, 0xb6, 0xda, 
	0x10, 0x87, 0x1d, 0x69, 0x91, 0xbf, 0xef, 0x10, 0x93, 0xde, 
	0x9a, 0x22, 0x72, 0xb2, 0x8, 0x9a, 0xe2, 0x1d, 0xc9, 0xb3, 
	0xa8, 0xc5, 0x12, 0x92, 0xab, 0x16, 0xe1, 0xb7, 0x8c, 0x60, 
	0xd2, 0x84, 0xf3, 0x27, 0x31, 0xb9, 0xf9, 0x79, 0xe7, 0xf9, 
	0x54, 0x32, 0x44, 0x16, 0x28, 0xfa, 0xb6, 0xd7, 0x20, 0xf7, 
	0xfa, 0x53, 0x33, 0x89, 0x6a, 0x47, 0x55, 0x53, 0x95, 0xb, 
	0x91, 0xb7, 00, 0x62, 0xa9, 0x63, 0xbd, 0x4e, 0x11, 0x9d, 
	0xa3, 0x49, 0xb2, 0x46, 0x7f, 0x2a, 0x91, 0x21, 0x8d, 0x94, 
	0x13, 0xe8, 0x41, 0xfc, 0x3d, 0x28, 0x8e, 0xc4, 0xd5, 0x8d, 
	0xde, 0x85, 0x5c, 0x51, 0x56, 0x1e, 0x35, 0xf2, 0xb7, 0x94, 
	0xda, 0x46, 0x31, 0x8e, 0x98, 0xaa, 0xdc, 0x77, 0xaa, 0x31, 
	0x71, 0xb1, 0x1c, 0x8e, 0x50, 0x64, 0x55, 0xbb, 0x49, 0x8, 
	0x4d, 0xc0, 0xe3, 0x15, 0x4e, 0x51, 0xf2, 0x54, 0x96, 0xdc, 
	0xc5, 0x81, 0x51, 0x23, 0xa2, 0x81, 0xb1, 0x4, 0x86, 0x50, 
	0x5d, 0xaa, 0xcd, 0x50, 0xb3, 0x38, 0x52, 0xbe, 0x95, 0x7e, 
	0xa0, 0xe8, 0xa, 0xa6, 0xf2, 0x30, 0x97, 0x63, 0x1f, 0x94, 
	0x7a, 0x55, 0xca, 0xcf, 0xb8, 0xf9, 0x6e, 0x10, 0x8e, 0xe3, 
	0x14, 0xd0, 0x86, 0x17, 0xfd, 0xdb, 0x26, 0xce, 0x3d, 0x71, 
	0x54, 0xea, 0xc7, 0xda, 0x63, 0xce, 0xdc, 0x30, 0xe3, 0x1c, 
	0x9c, 0xd5, 0x7a, 0xd1, 0x1c, 0x75, 0x63, 0x66, 0x14, 0x51, 
	0x4b, 0x54, 0x62, 0x66, 0xbb, 0x12, 0x6a, 0x7b, 0x59, 0x9a, 
	0x19, 0x46, 0xf, 0x7, 0x82, 0x2a, 0xbc, 0xa3, 0xf, 0x48, 
	0x3d, 0xab, 0x26, 0x7a, 0x30, 0xd9, 0x1d, 0x58, 0x3c, 0x51, 
	0x51, 0x42, 0xc1, 0xa2, 0x56, 0xf5, 0x15, 0x2d, 0x66, 0x6a, 
	0x7f, 0xff, 0xd4, 0xd7, 0xa6, 0xe6, 0x8a, 0x43, 0xd2, 0xb3, 
	0x2c, 0xe5, 0x89, 0xcb, 0xb1, 0xf7, 0x3f, 0xce, 0x97, 0xb5, 
	0x20, 0xfb, 0xc6, 0x8a, 0xd5, 0x19, 0xb2, 0xfd, 0x14, 0xb4, 
	0x95, 0x67, 0x9e, 0x14, 0x9b, 0x94, 0x75, 0x35, 0x74, 0x24, 
	0x67, 0x6e, 0x10, 0x95, 0xc0, 0xf9, 0x85, 0x64, 0x31, 0xd, 
	0x23, 0x15, 0xe9, 0x9a, 0x4d, 0x9a, 0xc2, 0x95, 0xc7, 0xa7, 
	0x97, 0x82, 0x5b, 0xaf, 0x6e, 0xd5, 0x30, 0x8d, 0x31, 0x95, 
	0x19, 0xaa, 0xb5, 0x72, 0x36, 0x87, 0xca, 0x8, 0xf, 0xcf, 
	0xe8, 0x3d, 0x29, 0x5c, 0xd6, 0x54, 0xfb, 0x12, 0x2c, 0x92, 
	0xa0, 0xc2, 0x13, 0x4d, 0x62, 0xee, 0x3e, 0x72, 0x48, 0xa4, 
	0x21, 0x87, 0x4, 0x11, 0x91, 0x52, 0xf9, 0xf, 0xd3, 0x8e, 
	0x8, 0x1d, 0x69, 0x98, 0xda, 0x45, 0x54, 00, 0x3b, 0x1, 
	0x52, 0xf1, 0xda, 0x93, 0xcb, 0x65, 0x79, 0x1b, 0x1c, 0x26, 
	0x3f, 0xc8, 0xa6, 0xef, 0xff, 00, 0x64, 0xd3, 0x25, 0xa2, 
	0xcc, 0x2a, 0xac, 0x4f, 0x19, 0x38, 0xe0, 0x1e, 0x5, 0x49, 
	0x24, 0x4a, 0xaa, 0xf8, 0x5e, 0x54, 0x29, 0xf6, 0x1f, 0x4a, 
	0x86, 0xdf, 0xd, 0x26, 0x19, 0x4e, 0x30, 0x69, 0x8f, 0x2b, 
	0x18, 0xb2, 0xa8, 0x17, 0xa7, 0x4f, 0xe5, 0x4a, 0xe6, 0x91, 
	0x85, 0xd1, 0x2c, 0xd1, 0xa2, 0xc2, 0xf8, 0x40, 0x6, 0x17, 
	0x6b, 0x7a, 0xfa, 0xd5, 0x2e, 0xf1, 0xaf, 0x6f, 0x4a, 0xb1, 
	0x6f, 0x9d, 0x8f, 0xb8, 0x29, 0xe7, 0xa3, 0x7f, 0x4a, 0x6c, 
	0xb8, 0x6f, 0x26, 0x40, 0xa1, 0x72, 0xf, 0x3, 0x81, 0xc1, 
	0xa4, 0x5b, 0x8d, 0x88, 0x63, 0x62, 0x65, 0xe7, 0xe9, 0xf4, 
	0xa6, 0xb0, 0xf, 0x97, 0x1c, 0x50, 0xa3, 0x12, 0xe3, 0xde, 
	0x98, 0x38, 0x46, 0xfc, 0x28, 0x25, 0x10, 0x6e, 0xc1, 0xc9, 
	0xed, 0x4e, 0x32, 0x33, 0xb0, 0xcf, 0x4e, 0xd4, 0x92, 0xf2, 
	0x7f, 0xa, 0x4c, 0x67, 0x6f, 0xd2, 0x91, 0xb2, 0xd8, 0x9e, 
	0x30, 0x37, 0x8a, 0xba, 0xa1, 0x63, 0x7c, 0xb8, 0xcf, 0xcb, 
	0xc5, 0x40, 0x21, 0xb, 0x12, 0xc9, 0x9c, 0xe6, 0xa7, 0x45, 
	0xf3, 0x50, 0x93, 0xd4, 0x70, 0x3f, 0xa, 0x9, 0x4e, 0xce, 
	0xc2, 0x2c, 0x7f, 0x30, 0x4c, 0xf6, 0xcd, 0xd, 0xe5, 0x85, 
	0xdc, 0x9, 0xab, 0x21, 0x14, 0x7d, 0xd0, 0x7, 0x6e, 0x3e, 
	0x95, 0x55, 0x62, 0x77, 0x84, 0x81, 0xb7, 0x1c, 0x1e, 0x4e, 
	0x3a, 0x52, 0x5, 0x11, 0x11, 0xe3, 0x3c, 00, 0x4f, 0xa5, 
	0x3d, 0x23, 0xde, 0xd8, 0x42, 0x73, 0xd4, 0xe3, 0xb5, 0x32, 
	0x1d, 0x88, 0x85, 0xa, 0x8c, 0x8e, 0xad, 0xd6, 0x9c, 0x43, 
	0x10, 0x8, 0x18, 0x18, 0x3e, 0xa2, 0x82, 0xec, 0x91, 0x1b, 
	0x32, 0x6e, 00, 0x9a, 0x9b, 0xca, 0x43, 0x90, 0x84, 0xe4, 
	0x76, 0xc5, 0x43, 0x24, 0x7e, 0x64, 0x83, 0x3b, 0x41, 0x23, 
	0xe9, 0x57, 0x15, 0x24, 0xdc, 0x58, 0x8e, 0xc4, 0x71, 0x41, 
	0x2e, 0x28, 0xac, 0x62, 0x90, 0x10, 0x36, 0xd4, 0x6c, 0x18, 
	0x1c, 0x11, 0x83, 0x56, 0x44, 0xa3, 0x72, 0x97, 0x1d, 0xb0, 
	0x69, 0xbc, 0x49, 0x27, 0x4c, 0xc, 0x71, 0xf8, 0x50, 0x46, 
	0x82, 0x42, 0xbc, 0xb3, 0x74, 0x20, 0x60, 0x55, 0xb3, 0xf, 
	0xef, 0x14, 0x31, 0xf9, 0x4a, 0xf1, 0x8e, 0x39, 0x1d, 0xa9, 
	0x23, 0x89, 0x4f, 0xf1, 0x61, 0x5b, 0xf9, 0xa, 0xb3, 0x72, 
	0xca, 0x82, 0x27, 0x71, 0xc0, 0x3f, 0x97, 0x6a, 0x68, 0xae, 
	0x5d, 0x35, 0x20, 0x6f, 0x2a, 0x1f, 0xba, 0xbb, 0x86, 0x71, 
	0xcd, 0x53, 0x9e, 0x49, 0x92, 0x5d, 0xf0, 0xd, 0xb9, 0xe3, 
	0xb, 0x56, 0xa5, 0x78, 0xdd, 0x54, 0x6, 0xc9, 0x1d, 0x4e, 
	0x31, 0x51, 0x4e, 0xe1, 0x55, 0x23, 0x42, 0xa4, 0x7a, 0x8a, 
	0xa2, 0x20, 0xd2, 0x1e, 0x97, 0x4e, 0x54, 0x79, 0xa9, 0xc1, 
	0xc0, 0x3c, 0xfa, 0xd2, 0x7c, 0x91, 0x2b, 0x31, 0x40, 0xd8, 
	0x7c, 0x73, 0xd8, 0x52, 0x7f, 0xac, 0x5f, 0x99, 0xd5, 0x73, 
	0x8e, 0x36, 0xfa, 0x74, 0xa7, 0x33, 0x46, 0xe5, 0xd4, 0x9c, 
	0x6, 0xc1, 0x7, 0x1e, 0x94, 0x87, 0x27, 0x1b, 0xa2, 0x9, 
	0xbc, 0xed, 0x9e, 0x62, 0x28, 0x8, 0xe, 0x30, 0x3f, 0xc2, 
	0xa5, 0x8a, 0x45, 0xf2, 0x51, 0x8a, 0xa6, 0xec, 0xe0, 0x8c, 
	0x53, 0x1e, 0x44, 0x58, 0xd5, 0x62, 0x21, 0xb2, 0x79, 0x25, 
	0x6a, 0x60, 0xf1, 0xc9, 0x18, 0x59, 0x38, 0x23, 0xfb, 0xab, 
	0x48, 0x6d, 0xc4, 0x8a, 0x78, 0x1c, 0x97, 0x8, 0xbf, 0x28, 
	0xfc, 0xaa, 0xb, 0x4e, 0x13, 0x15, 0xb7, 0x1c, 0xd1, 0x14, 
	0xdb, 0x9c, 0x76, 0xe7, 0x8a, 0xc8, 0x4d, 0x9e, 0x63, 0xa2, 
	0xf4, 0xcf, 0x14, 0x99, 0x50, 0x8a, 0x5b, 0x16, 0xa3, 0x26, 
	0x36, 0xdd, 0xd8, 0xd6, 0x82, 0xc8, 0xa4, 0x53, 0xc0, 0x47, 
	0x40, 0x1b, 0x18, 0xc5, 0x54, 0x30, 0x80, 0xc4, 0x2e, 0x40, 
	0x1e, 0xd5, 0x26, 0xc5, 0xad, 0xca, 0x2b, 0x3a, 0x60, 0xf2, 
	0xca, 0xa, 0x2, 0x40, 0xa9, 0x19, 0x48, 0x1f, 0x28, 0x66, 
	0xab, 0x90, 0x98, 0xc4, 0x60, 0x2, 0x5, 0x31, 0x19, 0x8c, 
	0xb6, 0xe7, 0xb, 0xe5, 0xed, 0x24, 0xe3, 0x70, 0xa9, 0x79, 
	0x11, 0xec, 0x46, 00, 0x1, 0x82, 0xd, 0x13, 0xcf, 0xe5, 
	0xc8, 0x55, 0xb8, 0x5f, 0x50, 0x2a, 0x28, 0xe5, 0x5c, 0xfc, 
	0xac, 0x72, 0x7a, 0x71, 0x54, 0x99, 0x9c, 0xa3, 0x70, 0x69, 
	0x22, 0x68, 0x82, 0x81, 0x82, 0x2a, 0xbd, 0x5c, 0x74, 0x12, 
	0x32, 0xe7, 0x8d, 0xc3, 0xb7, 0xad, 0x46, 0x21, 0x4c, 0x29, 
	0x66, 0xc7, 0xad, 0x59, 0xc8, 0xe2, 0xd9, 0x91, 0x72, 0x30, 
	0xd5, 0x8, 0xab, 0xf7, 0xd1, 0x4, 0x6e, 0x3a, 0x55, 0x18, 
	0xf2, 0x4e, 0xd0, 0x2a, 0xe, 0xba, 0x7f, 0x9, 0xbd, 0x60, 
	0xd9, 0x80, 0xf, 0x4e, 0x2a, 0xfd, 0x64, 0xe9, 0xc4, 0x8d, 
	0xe9, 0xf4, 0x35, 0xab, 0xcd, 0x66, 0xcd, 0xd1, 0xff, 0xd5, 
	0xd6, 0xa2, 0x96, 0x9a, 0xc4, 0x2a, 0xe5, 0xb8, 0x2, 0xb3, 
	0x2c, 0xe5, 0x7f, 0xe5, 0xa1, 0x1e, 0xe7, 0xf9, 0xd2, 0x60, 
	0x86, 0x2, 0x83, 0x85, 0x73, 0xbb, 0xa6, 0x4d, 0x48, 0xa5, 
	0x59, 0x86, 0xf, 0xe7, 0x5a, 0xa3, 0x29, 0x17, 0x4d, 0x36, 
	0x94, 0xd2, 0x80, 0xad, 0xc3, 0x1c, 0xa, 0xb3, 0x85, 0x2d, 
	0x49, 0xfe, 0xd1, 0xc6, 0xec, 0x73, 0x8c, 0x75, 0xe2, 0xb2, 
	0xd9, 0x55, 0x25, 0x65, 0x53, 0x91, 0x9e, 0xb5, 0x7a, 0x54, 
	0x89, 0xf0, 0xbb, 0xb8, 0x1d, 0xf1, 0xfd, 0x2b, 0x3e, 0x35, 
	0xdb, 0xc0, 0xed, 0x59, 0x9d, 0x90, 0xb7, 0x41, 0xe7, 0xda, 
	0xae, 0x5b, 0xae, 0xd4, 0x12, 0x9e, 0x9c, 0xfb, 0x55, 0x4d, 
	0xa7, 0xd2, 0xae, 0xaf, 0x16, 0x83, 0xa6, 0x43, 0x13, 0x8a, 
	0x10, 0xe5, 0x7b, 0x68, 0x59, 0x96, 0xe9, 0x65, 0x8f, 0x69, 
	0x50, 0x31, 0xce, 0x73, 0x4f, 0x2d, 0x9c, 0x79, 0x85, 0x6, 
	0x70, 0x71, 0x59, 0x6d, 0x23, 0xa8, 0xe5, 0x40, 0xa5, 0x6b, 
	0x99, 0x5d, 0xc1, 0x8f, 0x83, 0x8c, 0x71, 0x54, 0x62, 0x93, 
	0x6f, 0x52, 0xf3, 0xed, 0xc4, 0xac, 0xa5, 0x5b, 0x20, 0x7c, 
	0xa3, 0xa8, 0xac, 0xef, 0xdf, 0x7b, 0xd4, 0xc2, 0x52, 0x30, 
	0x1b, 0x86, 0x65, 0xc3, 0x6e, 0xe2, 0xae, 0x16, 0xcc, 0xb, 
	0xb1, 0x94, 0x28, 0x1f, 0x35, 0x1, 0x25, 0xd1, 0x15, 0xad, 
	0x4, 0x9e, 0x7a, 0xee, 0xe9, 0xcf, 0xf2, 0xa9, 0x23, 0x8b, 
	0xa, 0x56, 0x36, 0x57, 0xc0, 0x1d, 0x56, 0xad, 0x23, 0xfd, 
	0xdd, 0xee, 0xa7, 0x27, 0xe5, 0xc7, 0xd2, 0xaa, 0xe1, 0xa3, 
	0xce, 0x5f, 0xcb, 0x1d, 0xf1, 0x49, 0x97, 0xd, 00, 0x40, 
	0x44, 0x6d, 0xe6, 0x9e, 0x6, 0x39, 0x51, 0x51, 0xca, 0x23, 
	0x11, 0xc3, 0xb0, 0x96, 0x3, 0x70, 0xc9, 0xe3, 0xb8, 0xa5, 
	0x8a, 0x46, 0x66, 0x21, 0xe4, 0x25, 0x71, 0xd0, 0xf0, 0x38, 
	0xa6, 0x4a, 0x40, 0x89, 0x13, 0x23, 0x21, 0x89, 0xc0, 0xf4, 
	0x34, 0x22, 0xa5, 0xe4, 0x41, 0xff, 00, 0x2d, 0xbf, 0x1a, 
	0x40, 0x38, 0x71, 0xed, 0x4a, 0x48, 0xf3, 0x73, 0xdb, 0x34, 
	0xe, 0xaf, 0x8f, 0x43, 0x54, 0x63, 0x62, 0x36, 0x5c, 0xb0, 
	0xff, 00, 0x76, 0x9c, 0xd1, 0x62, 0x23, 0xb8, 0x5, 0x21, 
	0x7a, 0x1a, 0x76, 0x39, 0x4f, 0xa5, 0x6a, 0x25, 0xe4, 0x4c, 
	0x83, 0x72, 0x67, 0x1f, 0xd2, 0x95, 0x8a, 0x8c, 0xac, 0x51, 
	0x8c, 0x4, 0x53, 0x93, 0xb9, 0x48, 0xe9, 0x4b, 0x6e, 0x12, 
	0x4d, 0xdb, 0x55, 0xdb, 0x7, 0x1f, 0x2d, 0x68, 0x8b, 0xe5, 
	0x3, 0x88, 0xe9, 0x96, 0xfe, 0x58, 0x5, 0xbc, 0xdf, 0x2b, 
	0x77, 0x61, 0x8a, 0x56, 0x2b, 0x9a, 0x2d, 0x99, 0xb3, 0xbc, 
	0x51, 0x3f, 0xc8, 0xc5, 0x59, 0x4f, 0x20, 0xd4, 0xcc, 0xe5, 
	0x94, 0xb3, 0x34, 0x81, 00, 0xfe, 0xe7, 0x1f, 0xca, 0xa7, 
	0xbc, 0x5b, 0x7d, 0x80, 0xa1, 0xde, 0xcc, 0x46, 0x7d, 0x4d, 
	0x5b, 0x12, 0x5b, 0xaa, 0x61, 0x9d, 0xc8, 0x3, 0xa1, 0x7, 
	0x14, 0x8b, 0x56, 0x32, 0x6c, 0xf7, 0x90, 0x7c, 0xa0, 0xcd, 
	0xd8, 0x80, 0x38, 0xf6, 0xa4, 0x49, 0x19, 0xa5, 0xf2, 0x94, 
	0x12, 0xdd, 0x31, 0xee, 0x3a, 0xd5, 0xab, 0x2f, 0x2f, 0x73, 
	0xd, 0xce, 0x39, 0x27, 0x9, 0xdc, 0x76, 0xa7, 0x18, 0x80, 
	0xb9, 0xdf, 0x1a, 0xbe, 0xcf, 0x5c, 0x73, 0x9a, 0x2c, 0x3d, 
	0xa, 0x57, 0x23, 0xc9, 0x90, 0x17, 0xc, 0x9, 0xe7, 0x9f, 
	0xe9, 0x57, 0x4c, 0x2e, 0x22, 0xf3, 0x59, 0x24, 0xc7, 0xa6, 
	0xea, 0x2f, 0x1a, 0x2, 0x15, 0x54, 0x36, 0xf1, 0x8f, 0xbd, 
	0xe9, 0x57, 0x12, 0x48, 0xc0, 0xc, 0xb1, 0x39, 0xf4, 0xf4, 
	0xa2, 0xc1, 0x74, 0x64, 0xda, 0x2f, 0x9b, 0x29, 0x8f, 0x61, 
	0x6c, 0x73, 0xc9, 0xc7, 0x15, 0x62, 0x60, 0xd0, 0x3a, 0x27, 
	0x95, 0xd7, 0xfb, 0xb8, 0xa5, 0x89, 0xe3, 0x59, 0x9d, 0xa5, 
	0x43, 0xcf, 0x4f, 0x6a, 0xb2, 0xf7, 0x10, 0x94, 0xdb, 0x1a, 
	0x60, 0xfa, 0xd3, 0xb1, 0x9f, 0x3c, 0x52, 0x16, 0x24, 0x98, 
	0x3a, 0xb0, 0x8c, 0x8c, 0x77, 0x38, 0xe9, 0x4d, 0xbf, 0xd, 
	0xe5, 0xab, 0x37, 0x1c, 0xd3, 0xbc, 0xc9, 0xc9, 0x4c, 0x49, 
	0xc3, 0xc, 0xf4, 0xe9, 0x8a, 0xa3, 0x73, 0x23, 0x32, 0x63, 
	0x7e, 0xe0, 0x30, 0x45, 0x34, 0x89, 0x95, 0x4e, 0x82, 0x64, 
	0x1, 0x93, 0x49, 0x70, 0xa5, 0x40, 0x6c, 0xe4, 0x67, 0xf2, 
	0xa8, 0x65, 0x70, 0xb1, 0xe6, 0x94, 0x4e, 0xe6, 0xf, 0x2b, 
	0xb, 0x82, 0x31, 0x9c, 0x73, 0x43, 0x64, 0xd2, 0x86, 0x85, 
	0x85, 0xc1, 0x3b, 0x77, 0x6d, 0xe3, 0xad, 0x35, 0x97, 0x6e, 
	0x46, 0x73, 0x8e, 0xf5, 0x58, 0x34, 0x81, 0x83, 0xc, 0x64, 
	0x53, 0xde, 0x69, 0x9f, 0xef, 0x11, 0xf8, 0xa, 0x2e, 0x57, 
	0xb2, 0xf7, 0x6c, 0x20, 0xf9, 0xe1, 0xc2, 0xe7, 0xe5, 0xf4, 
	0xa9, 0x1, 0xc2, 0xe4, 0xd4, 0x50, 0xc9, 0x35, 0xbe, 0x7c, 
	0xa2, 0x6, 0xee, 0xbc, 0x53, 0x49, 0x76, 0xea, 0x69, 0x22, 
	0xe5, 0xb, 0xda, 0xc5, 0xc7, 0x51, 0x8c, 0x83, 0x90, 0x7f, 
	0x4a, 0xa4, 0x84, 0xa4, 0xc7, 0x6f, 0x15, 0x27, 0x99, 0x30, 
	0x4f, 0x2f, 0x7f, 0xcb, 0xe9, 0x8a, 0x72, 0x20, 0x91, 0x72, 
	0xdd, 0x7a, 0x50, 0xbb, 0xa, 0x4b, 0x95, 0xf3, 0x16, 0x94, 
	0xdc, 0x91, 0x90, 0xa4, 0x8f, 0xa7, 0x14, 0xd3, 0x34, 0xbd, 
	0x33, 0x56, 0x62, 0xb4, 0x9d, 0x61, 0xe0, 0xb0, 0x3e, 0x80, 
	0xe2, 0xaa, 0xb2, 00, 0x70, 0xc3, 0x9a, 0x49, 0x15, 0x39, 
	0xf2, 0x91, 0x99, 0x1f, 0xa6, 0x6a, 0xc1, 0x4b, 0xb5, 0x1b, 
	0x98, 0x10, 0x3f, 0xa, 0xae, 0x21, 0x12, 0x4a, 0x88, 0x7, 
	0x5e, 0xd5, 0x7a, 0x5b, 0x49, 0x4, 0x64, 0x20, 0x61, 0x81, 
	0xeb, 0xd6, 0x8b, 0xe, 0x32, 0xba, 0xb9, 0x5c, 0x4f, 0xb8, 
	0x12, 0x7, 0x3e, 0xa2, 0x88, 0xa6, 0x27, 0x21, 0xce, 0x47, 
	0xd2, 0xa9, 0x23, 0x15, 0xe0, 0x1f, 0x62, 0x3e, 0x94, 0xbe, 
	0x63, 0x29, 0xc8, 0xef, 0x4c, 0x5c, 0xb7, 0x2f, 0xbb, 0x64, 
	0x71, 0xc6, 0x3d, 0xa9, 0x92, 0x19, 0xf, 0xdf, 0xcf, 0xb5, 
	0x52, 0xf3, 0x9c, 0x71, 0x4e, 0xf3, 0xa4, 0xc7, 0x5a, 0x77, 
	0x23, 0xd9, 0x6e, 0x4d, 0x34, 0x4f, 0xb3, 0xe6, 0x18, 0xac, 
	0xdf, 0x2a, 0x4c, 0xe3, 0x69, 0xfc, 0x2b, 0x58, 0x4d, 0x2c, 
	0xd1, 0xe1, 0xb9, 0xa6, 0x44, 0x46, 0xde, 0x54, 0x1a, 0x2c, 
	0x4c, 0x65, 0xc9, 0xa1, 0x63, 0x4f, 0x8f, 0x64, 0x7b, 0x8f, 
	0x56, 0xad, 0xa, 0xa9, 0x68, 0x41, 0x8f, 0x3, 0xb1, 0xc5, 
	0x5b, 0xac, 0x99, 0xd7, 0x1d, 0x8f, 0xff, 0xd6, 0xd6, 0xa8, 
	0x2e, 0x17, 0x7c, 0x2e, 0x9e, 0xa0, 0xd4, 0xb4, 0x87, 0xa5, 
	0x66, 0x59, 0xcc, 0x95, 0x12, 0xe1, 0x8f, 0x1c, 0x76, 0xa9, 
	0xed, 0xed, 0x4b, 0xb0, 0x64, 0xec, 0x7b, 0xd3, 00, 0xc6, 
	0xe5, 0xfe, 0xe9, 0xab, 0x96, 0x9b, 0xf0, 0x42, 0xb8, 0x51, 
	0xe9, 0x8c, 0xd6, 0xc9, 0x68, 0x73, 0x49, 0xeb, 0x61, 0x5a, 
	0x27, 0xd, 0xb4, 0xd, 0xdf, 0xee, 0xd2, 0xf9, 0x12, 0xff, 
	00, 0x74, 0xd4, 0xec, 0xc4, 0x46, 0xed, 0xbb, 0x3c, 0xe, 
	0x83, 0x1d, 0xe9, 0x88, 0x10, 0xa0, 0x76, 0x90, 0xe3, 0xe8, 
	0x68, 0x6c, 0xca, 0x34, 0xee, 0x42, 0xd1, 0x4a, 0xab, 0x92, 
	0xa4, 0xa, 0xa4, 0xb6, 0xd7, 0x4, 0x65, 0x51, 0x88, 0xf6, 
	0xc5, 0x6a, 0xaa, 0xfc, 0x8f, 0xce, 0x54, 0x8e, 0x3e, 0x99, 
	0xa0, 0xc2, 0xaa, 0x9, 0x5, 0xb8, 0xe9, 0xc6, 0x5, 0x5, 
	0x47, 0xdc, 0xd8, 0xc9, 0x78, 0x2e, 0x17, 0xef, 0x46, 0xff, 
	00, 0x87, 0xff, 00, 0x5a, 0x9c, 0xb1, 0xa4, 0x64, 0x16, 
	0xc8, 0x6c, 0x74, 0x22, 0xae, 0xb1, 0x75, 0x81, 0x36, 0xbe, 
	0x32, 0x5b, 0xa7, 0x7a, 0x82, 0x78, 0x9b, 0x2a, 0x54, 0x96, 
	0xe0, 0x64, 0xfb, 0xd2, 0x36, 0x4e, 0xfb, 0x17, 0x58, 0x24, 
	0xb6, 0xe1, 0xe3, 0x88, 0xf9, 0x9e, 0xc3, 0x8a, 0x8d, 0xc3, 
	0xc5, 0x28, 0x28, 0x84, 0x61, 0x57, 0x18, 0x5e, 0xf5, 0x1e, 
	0xd0, 0xb0, 0x85, 0xdc, 0x73, 0xc6, 0x7d, 0x85, 0x49, 0x29, 
	0x91, 0xa7, 0x64, 0x47, 0x6e, 0xdc, 0x2f, 0xd0, 0x53, 0x25, 
	0xbb, 0xe, 0x70, 0xcd, 0xe6, 0x4a, 0xe9, 0x93, 0xb0, 0x9c, 
	0x91, 0x8f, 0xa0, 0xac, 0xe2, 0x81, 0xb9, 0x41, 0xf8, 0x55, 
	0xe7, 0xb6, 0x9b, 0x1f, 0x31, 0x73, 0xed, 0x90, 0x7f, 0x4a, 
	0x4b, 0x77, 0x8, 0xac, 0xb1, 0xb0, 0x43, 0xc1, 0xf9, 0xb8, 
	0xe9, 0xda, 0x82, 0x19, 0x14, 0x71, 0xc1, 0xb7, 0x2e, 0x42, 
	0x10, 0x3a, 0x11, 0x82, 0x6a, 0x11, 0xfb, 0xc2, 0x4e, 0x31, 
	0x9e, 0xc2, 0xad, 0xdc, 0xf9, 0x84, 0x2f, 0xca, 0xad, 0x81, 
	0xf7, 0xaa, 0x94, 0x64, 0x8f, 0xe5, 0x49, 0x9a, 0xc0, 0x52, 
	0x8c, 0x6, 0x71, 0xc5, 0x38, 0x46, 0xdd, 0x85, 0x28, 0xdc, 
	0x7, 0x5c, 0xd2, 0xe4, 0xf3, 0xcd, 0x49, 0x64, 0x65, 0x4a, 
	0xf5, 0xa9, 0xdc, 0xa1, 0x75, 0xdb, 0xff, 00, 0x3c, 0xc0, 
	0x3f, 0x5a, 0x89, 0x89, 0xc0, 0xa7, 0x71, 0xc3, 0x96, 0x7, 
	0x3, 0x18, 0xfe, 0x95, 0x51, 0x33, 0xa9, 0xb0, 0xc1, 0xff, 
	00, 0x2c, 0xcd, 0x5a, 0x8a, 0x9, 0x42, 0xe7, 0x61, 0xc7, 
	0xe1, 0xd2, 0xaa, 0xe0, 0xed, 0x41, 0x57, 0x24, 0x9d, 0x3, 
	0x6f, 0x39, 0x65, 0x18, 0x52, 0x1, 0xc5, 0x51, 0x8a, 0x8d, 
	0xf4, 0x1c, 0x2d, 0xe6, 0x3c, 0xec, 0x3f, 0xa5, 0x49, 0xbd, 
	0x63, 0xb7, 0xc3, 0x1, 0x9e, 0x80, 0xe, 0xe6, 0xa2, 0x32, 
	0xa7, 0xd9, 0xd9, 0x90, 0x15, 0xde, 0xa4, 0x1, 0x9c, 0x90, 
	0x45, 0x56, 0x49, 0x94, 0xfe, 0xec, 0x46, 0x6, 0x7f, 0x8f, 
	0x3c, 0xe6, 0x95, 0xca, 0x8d, 0x34, 0x8d, 0x55, 0x11, 0x82, 
	0x18, 0x5, 0xea, 0xb8, 0x3d, 0xff, 00, 0x2e, 0xd5, 0x57, 
	0xcc, 0x91, 0xbc, 0xc5, 0x66, 0x39, 0xc1, 0xc7, 0xd7, 0xe9, 
	0x51, 0x2b, 0x83, 0xb2, 0x45, 0x18, 0x20, 0xf, 0xd2, 0xa7, 
	0xf3, 0x95, 0x49, 0x64, 0x52, 0xa4, 0xfb, 0xd3, 0xb1, 0x3e, 
	0xd1, 0x26, 0x57, 0xb5, 0x47, 0xdc, 0xc5, 0x9b, 0x60, 0x1e, 
	0xd5, 0x24, 0x8f, 0x2f, 0x96, 00, 0x63, 0xc4, 0x98, 0xfc, 
	0x31, 0x48, 0x1c, 0xee, 0xcb, 0xe5, 0xbd, 0xb3, 0x8a, 0x76, 
	0xf8, 0xf6, 0xec, 0xf2, 0xc6, 0x33, 0x9e, 0xbd, 0xe9, 0x58, 
	0xaf, 0x6b, 0x11, 0x92, 0xc4, 0x1a, 0x15, 0x60, 0xc5, 0x48, 
	0x24, 0x72, 0x9, 0xfa, 0x54, 0xa8, 0xb2, 0x2c, 0x49, 0xb8, 
	0x30, 0x65, 0xe7, 0xf0, 0xa8, 0x9f, 0x63, 0x63, 0x6a, 0xed, 
	0x3, 0xd0, 0xd4, 0x8b, 0x28, 0x55, 0xda, 0x50, 0x37, 0xd6, 
	0x84, 0x84, 0xea, 0xc5, 0xe8, 0x58, 0x92, 0x16, 0xf9, 0xd9, 
	0x46, 0x72, 0x7b, 0x76, 0x14, 0x92, 0xa2, 0x79, 0x65, 0xd0, 
	0x60, 0x71, 0xcf, 0xad, 0x54, 0x66, 0x69, 0x9, 0x24, 0xe3, 
	0x3f, 0x85, 0x34, 0xe0, 0x8e, 0x78, 0xc0, 0xfa, 0x53, 0x32, 
	0xe6, 0x44, 0xab, 0x2b, 0xae, 0x31, 0xd1, 0x6a, 0x23, 0x8c, 
	0x7d, 0x7b, 0x52, 0x10, 0x3a, 0x9c, 0xc, 0x52, 0xf0, 0x17, 
	0x69, 0x38, 0x19, 0xce, 0x3d, 0xe8, 0x24, 0xa3, 0x3a, 0x5, 
	0x61, 0x8e, 0x9e, 0x94, 0xe8, 0x8e, 0x63, 0x14, 0xfb, 0x9f, 
	0xba, 0xd, 0x45, 0x7, 0xdd, 0xc5, 0x4b, 0x3a, 0xe9, 0x3f, 
	0x74, 0x9a, 0x9d, 0xb6, 0x97, 0x6e, 0x29, 0x79, 0xa4, 0x6a, 
	0x47, 0x8c, 0x71, 0x45, 0x3f, 0x69, 0xa6, 0x91, 0x40, 0xd, 
	0x35, 0x34, 0x47, 0xa, 0x7d, 0xba, 0x54, 0x78, 0xe2, 0x9d, 
	0x11, 0x60, 0x48, 0x5e, 0xe3, 0xa5, 0x8, 0x8a, 0x8b, 0xdd, 
	0x35, 0xf7, 0xb6, 0xdd, 0xe6, 0x42, 0xa3, 00, 0xd3, 0x1e, 
	0x3d, 0xe4, 0x9c, 0xe4, 0xfe, 0x55, 0x4b, 0x73, 0x6d, 0xd8, 
	0x4f, 0xcb, 0x4e, 0x12, 0xc8, 0xa3, 0x8, 0xdc, 0x74, 0xab, 
	0xb1, 0xcb, 0xce, 0x9e, 0xe4, 0x6d, 0x93, 0xf5, 0x1d, 0x29, 
	0xcd, 0x3c, 0xac, 0xa0, 0x6e, 0x6c, 0xfa, 0x7a, 0x53, 0x68, 
	0xa2, 0xc4, 0x29, 0xdb, 0x42, 0x8b, 0x8d, 0xb3, 0xc, 0x54, 
	0xa5, 0x4f, 0x61, 0xfa, 0x53, 0x27, 0x8d, 0x89, 0xdc, 0xa3, 
	0xb5, 0x59, 0x2b, 0x6e, 0xf0, 0xf, 0x2f, 0x7a, 0xc8, 0x7, 
	0xaf, 0x15, 0x2d, 0x1d, 0x90, 0x92, 0xe5, 0x2b, 0xed, 0x3e, 
	0x87, 0xf2, 0xa5, 0xa, 0xdf, 0xdd, 0x3f, 0x95, 0x46, 0x12, 
	0x6e, 0x84, 0x13, 0xf8, 0xd4, 0xd6, 0xfb, 0x12, 0x52, 0x2e, 
	0x41, 0x2b, 0x8e, 0x39, 0xa4, 0x57, 0x32, 0x1f, 0x1a, 0xe, 
	0x77, 0xa, 0x97, 0x1, 0x57, 0x8a, 0x5d, 0x91, 0xab, 0x1f, 
	0x2b, 0x38, 0x3e, 0xb4, 0xc9, 0xf, 0x15, 0x6b, 0x63, 0x92, 
	0x5e, 0xf4, 0xf4, 0x2c, 0x58, 0x1c, 0x97, 0xfa, 0xd6, 0x9e, 
	0x2b, 0x3f, 0x4f, 0x5c, 0x46, 0x5b, 0xd4, 0xd6, 0x86, 0x6b, 
	0x16, 0x77, 0xc7, 0x44, 0x7f, 0xff, 0xd7, 0xd3, 0xa2, 0x93, 
	0x34, 0xdd, 0xd5, 0x99, 0x66, 0xd, 0xc7, 0xee, 0xae, 0x9b, 
	0xd0, 0xd5, 0xb8, 0x26, 0x8e, 0x24, 0xda, 0x72, 0xe, 0x73, 
	0x91, 0x50, 0xdf, 0xae, 0x5b, 0x77, 0xb5, 0x55, 0x8d, 0xb2, 
	0x36, 0x1e, 0xa2, 0xb5, 0x8b, 0x30, 0xa8, 0xba, 0xa2, 0xf4, 
	0xf7, 0x65, 0xc9, 0xf2, 0xf8, 0x7, 0x1d, 0x7d, 0xbd, 0x2a, 
	0x58, 0x37, 0x79, 0x20, 0x63, 0xb5, 0x55, 0x44, 0x53, 0x4, 
	0x8c, 0x47, 0x23, 0x18, 0xad, 0x1b, 0x73, 0x31, 0x8c, 0x6d, 
	0x38, 0xec, 0x30, 0x28, 0x90, 0xa9, 0x94, 0xbc, 0xf9, 0xa2, 
	0x7f, 0x61, 0xda, 0x92, 0x6b, 0x96, 0x75, 0xc2, 0x6e, 0x50, 
	0xc4, 0xe7, 0x9c, 0xe7, 0xda, 0xa6, 0xb8, 0x8b, 0xd, 0xfb, 
	0xee, 0xf, 0x1e, 0xd5, 0x4a, 0x43, 0x86, 0x54, 0x18, 0x9, 
	0xd4, 0x51, 0xd0, 0x69, 0x6a, 0x49, 0x11, 0x8f, 0xee, 0x4b, 
	0xbb, 0x1f, 0xc2, 0x7, 0x4a, 0x99, 0xa3, 0xc6, 0x6, 0x8, 
	0x1d, 0x86, 0x78, 0xa8, 0x61, 0xdb, 0x92, 0x4b, 0x28, 0xe3, 
	0x81, 0xeb, 0xed, 0x52, 0xb4, 0xee, 0xed, 0xb4, 0xe4, 0x1f, 
	0xe5, 0x4d, 0x11, 0x53, 0xc8, 0xb6, 0xb6, 0xb1, 0xe3, 0x66, 
	0xd0, 0x58, 0x75, 0xe4, 0xd2, 0x4a, 0xe4, 0x38, 0x8d, 0x3e, 
	0x5d, 0xc3, 0x73, 0x11, 0xfa, 0xa, 0x77, 0x94, 0x14, 0x2, 
	0x5d, 0xb9, 0x1d, 0x40, 0xa8, 0xb2, 0xb2, 0x85, 0xdc, 0x76, 
	0x3a, 0xf0, 0x1b, 0xb6, 0x3d, 0x29, 0x92, 0xa5, 0xdc, 0x6e, 
	0xc5, 0x27, 0xf7, 0x59, 0x4, 0x7f, 0x17, 0x4a, 0x95, 0x51, 
	0xe4, 0x54, 0xb8, 0x8, 0x18, 0xb0, 0xf9, 0xb8, 0x1d, 0xba, 
	0x1a, 0x25, 0xde, 0xb0, 0x70, 0xc9, 0xf3, 0x1d, 0xb9, 0x15, 
	0x1f, 0x94, 0x8b, 0x88, 0xb9, 0xe7, 0xd2, 0xa7, 0x63, 0x5b, 
	0x5f, 0x62, 0xad, 0xc4, 0x81, 0x8e, 0x24, 0x56, 0x5c, 0xc, 
	0x1, 0xd0, 0xf, 0xc2, 0xa0, 0x4e, 00, 0xe3, 0x1e, 0xd5, 
	0xa4, 0x11, 0xe4, 0x47, 0x5f, 0xbc, 0xf1, 0xf0, 0xa7, 0xd8, 
	0xf6, 0xac, 0xc7, 0x59, 0x62, 0x25, 0x4a, 0x9e, 0x3d, 0xa8, 
	0x8, 0xe8, 0x4b, 0xf2, 0xe2, 0x8c, 0xaf, 0xa5, 0x41, 0x99, 
	0xb2, 0x83, 0x6f, 0xdf, 0xe9, 0x4a, 0xab, 0x70, 0xdb, 0xb0, 
	0xa3, 0xe4, 0xeb, 0xff, 00, 0xd6, 0xa5, 0x63, 0x42, 0x52, 
	0x41, 0xc6, 0x2a, 0x55, 0xc, 0x54, 0x62, 0x30, 0xd8, 0x1d, 
	0x6a, 0xb2, 0xa5, 0xc3, 0x32, 0xaa, 0x80, 0x4b, 0xc, 0xf1, 
	0xda, 0xaf, 0x7d, 0x99, 0x84, 0x2b, 0xe6, 0x2, 0x1f, 0x9e, 
	0x7, 0xe9, 0x4d, 0x19, 0xcf, 0x62, 0x3c, 0x1c, 0x91, 0xfc, 
	0x5d, 0xcf, 0x65, 0x14, 0xef, 0x26, 0x34, 0x65, 0x27, 0xe, 
	0xa, 0xee, 0xc1, 0xe9, 0x51, 0x4a, 0x76, 0xfe, 0xe9, 0x46, 
	0x14, 0x7e, 0xa6, 0xad, 0xda, 0x30, 0x95, 0x76, 0xba, 0xab, 
	0x6c, 00, 0xe, 0x32, 0x71, 0xff, 00, 0xd6, 0xaa, 0x32, 
	0x8e, 0x8c, 0x41, 0x4, 0x52, 0x1c, 0x15, 0x9, 0xf2, 0x92, 
	0x15, 0x7d, 0xaa, 0x38, 0x5a, 0x1, 0x19, 0x8f, 0x9, 0x92, 
	0x38, 0x63, 0x56, 0xae, 0x1d, 0xad, 0xf1, 0xe4, 0xa2, 0x8c, 
	0x8c, 0x70, 0xbc, 0xf1, 0x4e, 0xc, 0x7e, 0x54, 0xde, 0x1, 
	0x60, 0xf, 0x41, 0x8f, 0xa7, 0xb5, 0x2b, 0x1a, 0x73, 0x22, 
	0xa2, 0x80, 0x20, 0x8d, 0x94, 0x7d, 0xe1, 0x45, 0xf, 0x2b, 
	0x16, 0x21, 0xf2, 0xd8, 0x24, 0xc, 0xe, 0xd4, 0xcd, 0xe3, 
	0xfb, 0xad, 0x54, 0x72, 0xc9, 0x6b, 0xa0, 0xee, 0x7b, 0xfe, 
	0x94, 0xbc, 0xfe, 0x14, 0xcd, 0xdf, 0xec, 0x9f, 0xd2, 0x8d, 
	0xc7, 0xfb, 0x86, 0x82, 0x6c, 0x3f, 0x9c, 0x71, 0x49, 0x4d, 
	0xdc, 0xdf, 0xdc, 0xfd, 0x69, 0xb, 0x30, 0x19, 0x2b, 0xc5, 
	0x1, 0xca, 0x3f, 0x8c, 0x7c, 0xdd, 0x29, 0x3e, 0x5c, 0x73, 
	0xd2, 0x95, 0x48, 0xc6, 0x47, 0x22, 0x97, 0xf0, 0xfc, 0x28, 
	0x1, 0x3e, 0x5c, 0x73, 0x46, 0x46, 0x3d, 0x7e, 0x95, 0x63, 
	0xcc, 0x31, 0xc4, 0x85, 0x14, 0x73, 0xd7, 0x8c, 0xd4, 0xdb, 
	0xc1, 0x21, 0x49, 0xdc, 0xa7, 0xaf, 0x18, 0xc5, 0x4d, 0xcd, 
	0x15, 0x3d, 0x2e, 0x65, 0x4f, 0xf7, 0x2a, 0xbc, 0x1c, 0x16, 
	0x1e, 0x95, 0x66, 0x60, 0x3c, 0xa3, 0xed, 0x54, 0x92, 0x40, 
	0x8e, 0x4f, 0xad, 0x26, 0x6d, 0x47, 0x62, 0xf6, 0x68, 0xcd, 
	0x55, 0x37, 0x18, 0xfe, 0x1a, 0x55, 0x99, 0x98, 0x70, 0x9d, 
	0x29, 0x1b, 0x96, 0x33, 0x49, 0x55, 0xbe, 0xd0, 0xdf, 0xdc, 
	0x14, 0xfd, 0xf3, 0x5, 0xdd, 0xb3, 0x8f, 0xa1, 0xa0, 0x9, 
	0xa8, 0x4f, 0xbe, 0x39, 0xc5, 0x57, 0x59, 0x66, 0x24, 00, 
	0x9f, 0xa5, 0x4e, 0x3c, 0xd1, 0x22, 0x89, 0x6, 0x3f, 0xc, 
	0x50, 0x89, 0x96, 0xc5, 0x9e, 0xd4, 0xf, 0xf6, 0xd, 0x2f, 
	0xe1, 0x8a, 0x6d, 0x6a, 0x79, 0xe1, 0x45, 0x14, 0x50, 0x21, 
	0x70, 0x8, 0xc5, 0x68, 0x9b, 0x38, 0x56, 0xdb, 0x7a, 0x75, 
	0xc6, 0x6b, 0x3f, 0x9f, 0x4e, 0x3d, 0x6a, 0xea, 0xdf, 0xba, 
	0xae, 0xd6, 0x5c, 0xf6, 0xa9, 0x66, 0xd4, 0xda, 0x49, 0xa6, 
	0x52, 0x18, 0x5e, 0x98, 0xab, 0x96, 0x31, 0x89, 0x24, 0x2c, 
	0xe0, 0x1c, 0xf, 0x4a, 0xa6, 0x76, 0x93, 0xfd, 0x2a, 0x58, 
	0xa6, 0x78, 0xe, 0xec, 0xf5, 0xa1, 0x8a, 0x9b, 0xb4, 0x89, 
	0x2e, 0xe2, 0x10, 0xc9, 0xf2, 0xf4, 0x3d, 0x2b, 0x39, 0xf2, 
	0x4e, 0x5, 0x5a, 0xb9, 0xb9, 0x32, 0xf5, 0xa6, 0xda, 0x45, 
	0xbd, 0xf7, 0x1e, 0x8b, 0xfc, 0xea, 0x5b, 0x3a, 0xa1, 0x5, 
	0x7b, 0xa3, 0x4a, 0x4, 0x11, 0xc6, 0x14, 0x76, 0x15, 0x35, 
	0x20, 0xe2, 0x97, 0x35, 0x91, 0xb9, 0xff, 0xd0, 0xbf, 0x49, 
	0x4c, 0xdc, 0x69, 0x84, 0xd6, 0x65, 0x94, 0xaf, 0x8e, 0x36, 
	0xb7, 0xe1, 0x59, 0x8c, 0xa5, 0x4f, 0x1f, 0x87, 0xd2, 0xb4, 
	0xee, 0xc6, 0x63, 0xac, 0xc0, 0xe3, 0x84, 0x6f, 0xc3, 0xda, 
	0xad, 0x12, 0xcb, 0xd6, 0xf3, 0x46, 0x51, 0xa3, 0x93, 0x80, 
	0x71, 0xd3, 0xda, 0xad, 0xfd, 0xa2, 0x30, 0x41, 0xf, 0x27, 
	0x1d, 0x3a, 0x7f, 0x85, 0x63, 0x90, 0x77, 0x16, 0x1c, 0x30, 
	0xed, 0x53, 0x23, 0x6e, 0xeb, 0xc5, 0x5a, 0x30, 0x92, 0x6b, 
	0x63, 0x42, 0x4b, 0x88, 0xe4, 0xdc, 0x3e, 0x62, 0xce, 0x2, 
	0xe4, 0xe2, 0x91, 0xa1, 0xb4, 0x7, 0xca, 0x3b, 0x98, 0xa9, 
	0xea, 0x38, 0xaa, 0xa9, 0xf7, 0xd7, 0xea, 0x2a, 0xff, 00, 
	0x97, 0x22, 0x5c, 0x34, 0x81, 0x49, 0xe7, 0x8c, 0x63, 0xd2, 
	0x86, 0x85, 0x6, 0x66, 0xae, 0xcd, 0xfb, 0x63, 0x5c, 0x67, 
	0xa6, 0x6a, 0xf0, 0xd, 0x23, 0x16, 0x90, 0x63, 0xcb, 0x5e, 
	0x31, 0x51, 0x26, 0xd8, 0xdc, 0xc9, 00, 0x3b, 0x46, 0x7, 
	0x38, 0xe2, 0xad, 0x6f, 0x95, 0x3, 0x2, 0xa4, 0xb6, 0xdf, 
	0xd4, 0xf4, 0xa6, 0x87, 0x2b, 0x74, 0x1e, 0x6e, 0x10, 0x86, 
	0x1b, 0x4f, 0xcd, 0xd7, 0x9a, 0xa7, 0x50, 0x92, 0xf1, 0x39, 
	0xd, 0xf8, 0x8a, 0x98, 0x10, 0xc3, 0x2b, 0x4c, 0xe6, 0x95, 
	0xc9, 0x54, 0xa3, 0x27, 0x95, 0x27, 0x3, 0xa8, 0x23, 0xb1, 
	0xab, 0x8, 0xb2, 00, 0x4f, 0xee, 0xdf, 0x3, 0xaf, 0xff, 
	00, 0x5a, 0xa9, 0x54, 0xb1, 0x49, 0xe5, 0xb6, 0x48, 0xc8, 
	0x23, 0x4, 0x52, 0xb1, 0x50, 0xa9, 0x6d, 0x6, 0x2f, 0xca, 
	0x37, 0xb9, 0xc9, 0x7e, 0x71, 0xd2, 0xa7, 0x8f, 0x71, 0x3f, 
	0x67, 0x24, 0x94, 0x70, 0x40, 0xf6, 0xc5, 0x2c, 0x51, 0xe3, 
	0x1, 0x4a, 0xc8, 0xbd, 0xb2, 0x70, 0x47, 0xb5, 0x35, 0x91, 
	0xde, 0x52, 0x5b, 0xe5, 0xdb, 0xc0, 0xb, 0xda, 0xa4, 0xe9, 
	0x4d, 0x74, 0x17, 0xec, 0xe9, 0xb9, 0x37, 0x29, 0x5d, 0xa3, 
	0xf9, 0xa, 0xaf, 0xbe, 0x38, 0xa2, 0x32, 0xc0, 0xa7, 0xa8, 
	0xce, 0x4f, 0xad, 0x58, 0x1b, 0xa2, 0xce, 0xc6, 0xc8, 0x23, 
	0x18, 0x3c, 0xd4, 0xf, 0x6d, 0xe4, 0xae, 0xc2, 0xe1, 0xba, 
	0x7c, 0xb4, 0xb, 0x45, 0xb8, 0x5a, 0x4, 0x90, 0x33, 0xf9, 
	0x60, 0x6c, 0xf7, 0xa9, 0x24, 0xd9, 0xb1, 0x1c, 0x46, 0x33, 
	0x8e, 0x87, 0xda, 0x9b, 0x15, 0xb9, 0x53, 0x87, 0xca, 0xe7, 
	0xa7, 0x14, 0xf9, 0x31, 0xe5, 0x2c, 0x6a, 0xc4, 0x8e, 0x72, 
	0x71, 0x8c, 0xd3, 0xb1, 0xe, 0x4a, 0xda, 0x14, 0xf7, 0x9, 
	0x17, 0x6a, 0x8c, 0x13, 0xf9, 0xa, 0xb9, 0x6d, 0xb2, 0x32, 
	0x47, 0x3, 0x8e, 0x33, 0xd2, 0xa0, 0xa, 0x14, 0x60, 0x52, 
	0xd5, 0x58, 0xc1, 0xcf, 0xb1, 0x3c, 0xe5, 0x9, 0x1b, 0x8, 
	0xe9, 0xda, 0xa6, 0x8d, 0xe2, 0xda, 0xa0, 0x95, 0xc6, 0x39, 
	0x4, 0x77, 0xaa, 0x54, 0x50, 0x2e, 0x61, 0x4f, 0x5a, 0x4a, 
	0x28, 0xa6, 0x48, 0x53, 0x73, 0x4b, 0xc6, 0x33, 0xe9, 0x4e, 
	0xf3, 0xad, 0xd7, 0x86, 0x4f, 0xd6, 0x93, 0x76, 0x2e, 0x10, 
	0xbe, 0xc3, 0x29, 0xd4, 0x35, 0xcd, 0xb3, 0x1d, 0xb0, 0xc7, 
	0xf9, 0xd3, 0x54, 0xee, 0x5c, 0xd0, 0x98, 0x4e, 0x9b, 0x88, 
	0x9b, 0x36, 0x9c, 0xa7, 0x1e, 0xdd, 0xaa, 0xc0, 0x4f, 0xdd, 
	0x29, 0x24, 0x2, 0xde, 0xdc, 0x7d, 0x2a, 0x2a, 0x9d, 0x16, 
	0x37, 0x8c, 0x29, 0x60, 0x84, 0x1e, 0xf4, 0x4, 0x59, 0x1c, 
	0xf1, 0xca, 0x80, 0xed, 0x7f, 0x97, 0xa7, 0x1f, 0x4a, 0x5c, 
	0xac, 0x88, 0x16, 0x3f, 0x97, 0x90, 0xf, 0x39, 0xab, 0xc, 
	0x63, 0xce, 0xc2, 0x3e, 0x5e, 0x8, 0x23, 0xfc, 0x29, 0x37, 
	0xc0, 00, 0x51, 0xbb, 0x3, 0xd8, 0xa, 0x9b, 0x1b, 0x29, 
	0xd9, 0x58, 0xa6, 0xeb, 0x20, 0xdc, 0x85, 0xba, 0x71, 0xd2, 
	0xab, 0xda, 0xe6, 0xb, 0x98, 0xfc, 0xde, 0x13, 0x35, 0xa9, 
	0xe4, 0xf9, 0xbf, 0xbd, 0xce, 0x37, 0x73, 0xf7, 0x6a, 0x91, 
	0x8d, 0x5a, 0x45, 0xd, 0xc0, 0xce, 0x28, 0x62, 0x84, 0x9a, 
	0x64, 0xb7, 0xed, 0x1c, 0xb2, 0x29, 0xb5, 0x61, 0xd3, 0x9f, 
	0xe9, 0x4b, 0xa6, 0xdc, 0x24, 0x3e, 0x62, 0xdc, 0x75, 0xe3, 
	0x14, 0x97, 0x10, 0x24, 0x17, 0x1, 0x23, 0xe9, 0x8a, 0x75, 
	0xa5, 0xb4, 0x53, 0x4a, 0xcb, 0x2e, 0x7a, 0x64, 0x62, 0x95, 
	0xb4, 0x35, 0xe6, 0xf7, 0xb9, 0x4a, 0x57, 0x28, 0xe6, 0x47, 
	0x68, 0x8e, 0x17, 0x3c, 0xf, 0x6a, 0xd3, 0x8a, 0xee, 0x26, 
	0xb2, 0x58, 0x5c, 0x1d, 0xdb, 0x71, 0xd3, 0xbd, 0x56, 0x64, 
	0xc6, 0x57, 0xf0, 0xa9, 0xe3, 0xb7, 0x8f, 0xec, 0x7e, 0x60, 
	0x53, 0xbf, 0xd6, 0x9d, 0x89, 0x8c, 0xdb, 0xb9, 0x94, 0xbb, 
	0xe0, 0x9d, 0x18, 0x9c, 0x80, 0x41, 0xad, 0x79, 0xee, 0x63, 
	0xb8, 0xdb, 0xe5, 0x8d, 0xa4, 0x1f, 0xcf, 0xda, 0xa8, 0xba, 
	0x66, 0x45, 0xc8, 0xee, 0x2b, 0x47, 0x50, 0x44, 0xc, 0x84, 
	0xc, 0x66, 0x95, 0xb5, 0x1a, 0x95, 0xe1, 0x72, 0x89, 0x67, 
	0xdf, 0xb5, 0xbf, 0xfd, 0x54, 0x50, 00, 0x1d, 0x29, 0xc0, 
	0x7e, 0x15, 0x67, 0x23, 0xd7, 0x61, 0x29, 0x29, 0x69, 0xb8, 
	0x27, 0xa5, 0x32, 0x50, 0xe1, 0xed, 0x47, 0x3d, 0xa9, 0xc2, 
	0x20, 0x3e, 0xf9, 0xc7, 0xd2, 0x89, 0x36, 0x81, 0xf2, 0x11, 
	0x8a, 0x57, 0x46, 0xaa, 0x9b, 0x63, 0x49, 0xb, 0xf5, 0xa6, 
	0x16, 0xee, 0x7a, 0xd4, 0x79, 0xf4, 0xa6, 0x92, 0x5, 0x4b, 
	0x67, 0x44, 0x29, 0x28, 0x8e, 0x55, 0x32, 0x36, 0xd1, 0xd6, 
	0xb6, 0xa1, 0x8c, 0x46, 0x81, 0x17, 0xa0, 0xac, 0xfb, 0x5, 
	0xc, 0x59, 0xcf, 0x6e, 0x5, 0x6b, 0x8e, 0x2b, 0x36, 0x74, 
	0x21, 0xb8, 0xa5, 0xdb, 0x4b, 0xba, 0x93, 0x75, 0x48, 0xcf, 
	0xff, 0xd1, 0xb0, 0x69, 0x94, 0x85, 0xea, 0x22, 0xd5, 0x5, 
	0x9, 0x3f, 0x28, 0x45, 0x61, 0x38, 0x2, 0xb6, 0x5c, 0x92, 
	0x2b, 0x32, 0x78, 0x8c, 0x60, 0x13, 0xfc, 0x55, 0x48, 0x42, 
	0xc6, 0x72, 0x80, 0xbf, 0xae, 0x1, 0xa7, 0x11, 0x93, 0x83, 
	0xc1, 0xec, 0x69, 0xa7, 0x1e, 0x5a, 0xa8, 0xed, 0x51, 0x17, 
	0x28, 0x71, 0xd4, 0x7a, 0x50, 0xd, 0x16, 0x43, 0x94, 0xe1, 
	0xff, 00, 0x3a, 0xb0, 0xaf, 0xbb, 0x1f, 0x31, 0xc5, 0x53, 
	0x57, 0x7, 0xee, 0xfe, 0x46, 0x94, 0x5, 0xfe, 0x13, 0xb4, 
	0xd5, 0x26, 0x64, 0xe9, 0xf6, 0x35, 0x66, 0x68, 0xca, 0x5, 
	0x84, 0x9c, 0xe, 0xd8, 0xa9, 0x7e, 0xd3, 0x11, 0x66, 0x3f, 
	0x32, 0xee, 0xc7, 0x23, 0xda, 0xb2, 0xc4, 0x92, 0x2a, 0xf2, 
	0x3f, 0x2a, 0x51, 0x3a, 0x9e, 0xd, 0x3e, 0x62, 0x39, 0x59, 
	0xa4, 0xcb, 0x1c, 0xa7, 0xce, 0x2a, 0x5b, 0x79, 0xc0, 0x3, 
	0x8e, 0x82, 0xa3, 0x48, 0x92, 0x39, 0x1c, 0x90, 0x70, 0x8b, 
	0x9c, 0x53, 0x93, 0x1b, 0x2, 0x38, 0xca, 0x83, 0x91, 0xda, 
	0x82, 0xef, 0xbc, 0xb1, 00, 0x86, 0x1b, 0x71, 0xed, 0x4e, 
	0xe2, 0xb0, 0xe8, 0xbc, 0x99, 0x64, 0x50, 0x17, 0x1e, 0xab, 
	0x4f, 0x2a, 0xae, 0x8c, 0x42, 0x5, 0x2b, 0x8c, 0x62, 0xa0, 
	0x2c, 0xc1, 0x95, 0xa3, 0x40, 0x9b, 0x7a, 0xa, 0x47, 0x66, 
	0x28, 0x51, 0x50, 0x28, 0x38, 0xce, 0x3d, 0xa8, 0x27, 0x94, 
	0xb4, 0xb1, 0x28, 0xb8, 0x5c, 0xe, 0x31, 0x9a, 0x76, 0xd0, 
	0xed, 0xbe, 0x3c, 0x73, 0xd5, 0x6a, 0x9e, 0x67, 0xf2, 0xfc, 
	0xac, 0xf1, 0xfd, 0x2a, 0x21, 0x3, 0x76, 0x34, 0xd, 0x2b, 
	0x6c, 0x69, 0x79, 0x78, 0x3b, 0xe5, 0xc2, 0xf, 0xd4, 0xd5, 
	0x66, 0x6c, 0xcb, 0xe6, 0x6e, 0x5e, 0xb9, 0xaa, 0xfe, 0x49, 
	0x27, 0x4, 0xd0, 0x2d, 0xf9, 0xc6, 0x69, 0x3, 0x8d, 0xcd, 
	0x23, 0x2d, 0xb0, 0xc3, 0x6f, 0x19, 0xce, 0x7a, 0xd5, 0x69, 
	0xe5, 0x89, 0x82, 0xfc, 0xe0, 0xe0, 0x76, 0x15, 0x7, 0x90, 
	0xbd, 0x37, 0xa, 0x5f, 0x25, 0x3f, 0xbd, 0x4e, 0xe8, 0x1c, 
	0x5b, 0xd2, 0xc1, 0x98, 0xff, 00, 0xbc, 0x29, 0x77, 0x43, 
	0xfd, 0xf1, 0xf9, 0x54, 0x6e, 0x8b, 0x10, 0x1c, 0xd4, 0x5, 
	0x90, 0x7a, 0x51, 0x72, 0x7d, 0x91, 0x6f, 0x74, 0x3f, 0xdf, 
	0xfd, 0x28, 0xdf, 0x7, 0xf7, 0x8f, 0xe5, 0x54, 0xf7, 0xc7, 
	0xed, 0x48, 0x65, 0x8b, 0xd4, 0x51, 0x71, 0xfb, 0x2f, 0x22, 
	0xef, 0x99, 0x6f, 0xea, 0xdf, 0x95, 0x27, 0x9b, 0x7, 0x6d, 
	0xdf, 0xa5, 0x52, 0xf3, 0xa3, 0xf5, 0x14, 0x79, 0xd1, 0x7a, 
	0x8a, 0x57, 0x1f, 0xb2, 0xf2, 0x2d, 0x99, 0x21, 0xda, 0x42, 
	0x86, 0xce, 0x3d, 0xaa, 0x84, 0xa5, 0x77, 0xfb, 0xf1, 0x52, 
	0x89, 0xe2, 0xff, 00, 0x22, 0xa1, 0x95, 0x91, 0xdd, 0x59, 
	0x7a, 0x62, 0x93, 0x66, 0x90, 0x85, 0x89, 0xde, 0x30, 0xaa, 
	0x19, 0x46, 0x31, 0x8a, 0x99, 0x24, 0xa, 0xbb, 0x4a, 0xe7, 
	0xf4, 0xaa, 0x66, 0x52, 0x57, 0x4, 0x92, 0x3d, 0x29, 0xfe, 
	0x78, 0xf4, 0x3f, 0x95, 0x8, 0x73, 0x8d, 0xcb, 0x82, 0x65, 
	0xfe, 0xe0, 0xfc, 0xe9, 0xfe, 0x68, 0x1f, 0xf2, 0xcd, 0x6a, 
	0x90, 0xb8, 0x23, 0x80, 0xa6, 0x9c, 0x97, 0x4c, 0xa7, 0x95, 
	0xe2, 0x9d, 0xc8, 0x54, 0x8b, 0x42, 0x50, 0x39, 0x11, 0x8c, 
	0x9f, 0xca, 0x83, 0x33, 0x76, 0x8d, 0x47, 0xe1, 0x51, 0x8b, 
	0xdc, 0xe, 0x23, 0xfe, 0x54, 0x7d, 0xb7, 0x8f, 0xbb, 0xfc, 
	0xa9, 0x5c, 0x7e, 0xcc, 0xb9, 0x1d, 0xd2, 0x84, 0xc3, 0x2, 
	0x8, 0xec, 0xa3, 0x8a, 0x8d, 0x6e, 0x5f, 0xcd, 0xc, 0x54, 
	0x6d, 0xce, 0x71, 0x8a, 0xa9, 0xf6, 0xb7, 0xfe, 0xe0, 0xa4, 
	0xfb, 0x5c, 0xbf, 0xdd, 0x14, 0x5c, 0x7c, 0x86, 0x8d, 0xdc, 
	0xc9, 0x3c, 0x88, 0xc8, 0xe, 0x7, 0x5a, 0x96, 0xda, 0x74, 
	0x84, 0x9f, 0x95, 0xb9, 0xac, 0x63, 0x7b, 0x2a, 0xf1, 0x85, 
	0xa6, 0xad, 0xdc, 0xe7, 0xa0, 0x18, 0xa0, 0x7c, 0xba, 0xdc, 
	0xd4, 0x9a, 0x44, 0x79, 0xb, 0x5, 0x6f, 0xe5, 0x56, 0x62, 
	0xbb, 0x55, 0x87, 0xca, 0xd8, 0x7a, 0x56, 0x27, 0xda, 0x67, 
	0xff, 00, 0x66, 0x90, 0x4f, 0x30, 0xee, 0x28, 0x1a, 0x85, 
	0x8b, 0xe7, 0x39, 0x56, 0x55, 0xc1, 0x1c, 0xd5, 0x8b, 0x89, 
	0xda, 0x75, 0x50, 0x53, 0xee, 0xd6, 0x47, 0x9f, 0x3f, 0x62, 
	0x3f, 0x2a, 0x6f, 0x9b, 0x3f, 0xf7, 0xbf, 0x4a, 0x1, 0x43, 
	0x4b, 0x1a, 0x59, 0x1f, 0xdc, 0xfd, 0x69, 0x41, 0x1d, 0x36, 
	0xf, 0xce, 0xb3, 0x4, 0xb3, 0x8e, 0x8d, 0x8a, 0x4c, 0xc8, 
	0x79, 0xdc, 0x68, 0xb9, 0x3e, 0xca, 0x26, 0xa7, 0xcc, 0x78, 
	0x55, 0x3, 0xe9, 0x4d, 0x28, 0xdd, 0xcd, 0x67, 0x6, 0x90, 
	0x7f, 0x11, 0xa3, 0x73, 0x7a, 0x9a, 0xa, 0x54, 0xd2, 0x2d, 
	0x1d, 0xc7, 0xef, 0x9c, 0xa, 0x8f, 0x7a, 0x2a, 0xe3, 0xad, 
	0x46, 0xbc, 0x9c, 0x54, 0x97, 0x78, 0xa, 0x17, 0xd0, 0x52, 
	0xb1, 0x64, 0x26, 0x70, 0x78, 0x1f, 0xfd, 0x6a, 0x88, 0x9c, 
	0xf5, 0xa8, 0x90, 0x63, 0x34, 0xfa, 00, 0xda, 0xd3, 0xe, 
	0x23, 0x3f, 0x5a, 0xd3, 0xcd, 0x66, 0x69, 0xbf, 0xea, 0x7f, 
	0x13, 0x5a, 0x75, 0xc, 0xb4, 0x18, 0xa3, 0x14, 0x53, 0xe9, 
	0x1, 0xff, 0xd2, 0x69, 0x60, 0x2a, 0x12, 0xfe, 0x94, 0xa6, 
	0x98, 0x6a, 0x46, 0x20, 0x24, 0x9a, 0xa5, 0x76, 0xfb, 0xa5, 
	0xda, 0x3a, 0x2f, 0x15, 0x6b, 0x76, 0xd0, 0x4f, 0xb5, 0x66, 
	0x13, 0x9e, 0x4d, 0x34, 0x22, 0x74, 0xfb, 0x94, 0x3c, 0x2e, 
	0xc7, 0x2a, 0x29, 0xd1, 0xf, 0xdd, 0x8a, 0xba, 0x9f, 0x76, 
	0x82, 0xfa, 0x19, 0x2c, 0xa5, 0xe, 0xd3, 0xda, 0xae, 0xa0, 
	0x6, 0x25, 0xcd, 0x57, 0x9f, 0xfd, 0x61, 0xab, 0x76, 0xcb, 
	0xba, 0x21, 0xec, 0x69, 0x90, 0x30, 0x21, 0xfe, 0x1e, 0x28, 
	0x2b, 0x27, 0x73, 0x56, 0x48, 0x23, 0x81, 0xd2, 0xa3, 0xda, 
	0x68, 0x1, 0x4, 0xd7, 0x23, 0xa1, 0x1f, 0x95, 0x1e, 0x75, 
	0xcf, 0xa8, 0xfc, 0xa8, 0xc5, 0x18, 0xa0, 0x2c, 0x20, 0x9a, 
	0xe7, 0xfb, 0xc3, 0xf2, 0xa6, 0xef, 0xb8, 0xfe, 0xfe, 0x3e, 
	0x94, 0xfd, 0xb4, 0x6d, 0xa0, 0x2c, 0x47, 0xfb, 0xef, 0xef, 
	0x9a, 0x4f, 0xde, 0xff, 00, 0x7c, 0xd4, 0xdb, 0x68, 0xdb, 
	0x40, 0x58, 0x87, 0xf7, 0xbf, 0xdf, 0x34, 0x9b, 0x5b, 0xa6, 
	0xe3, 0xf9, 0xd4, 0xfb, 0x68, 0xdb, 0x40, 0x15, 0xf6, 0x7b, 
	0x9f, 0xce, 0x8f, 0x2c, 0x55, 0x8d, 0xb4, 0xbb, 0x68, 0x2, 
	0xb9, 0x4c, 0x80, 0xf, 0x38, 0xa4, 0xf2, 0x97, 0xd2, 0xac, 
	0xed, 0xa3, 0x6d, 0x20, 0x2b, 0xf9, 0x6b, 0xe8, 0x29, 0x76, 
	0xf, 0x4a, 0x9f, 0x6d, 0x2e, 0xda, 0x60, 0x57, 0xdb, 0xed, 
	0x4b, 0xb6, 0xa7, 0xdb, 0x46, 0xda, 00, 0x83, 0x6d, 0x18, 
	0x35, 0x3e, 0xda, 0x5d, 0xb4, 0x80, 0xaf, 0x83, 0x49, 0xb4, 
	0xd5, 0x9d, 0x94, 0x6c, 0xa0, 0xa, 0xfb, 0x68, 0xdb, 0x56, 
	0x36, 0x51, 0xb2, 0x80, 0xb1, 0x5f, 0x6d, 0x2e, 0xda, 0xb1, 
	0xb2, 0x8d, 0x94, 0xe, 0xc5, 0x7d, 0xb4, 0x6d, 0xab, 0x1b, 
	0x29, 0x76, 0x51, 0x71, 0x58, 0xa8, 0xf1, 0xee, 0x1c, 0x75, 
	0xa6, 0x99, 0x77, 0x11, 0x91, 0x86, 0x1c, 0x1f, 0x7a, 0xbb, 
	0xb2, 0xa3, 0x92, 0xdd, 0x64, 0x1e, 0x87, 0xd6, 0x8b, 0x85, 
	0x88, 0xd7, 0xd, 0xf7, 0x69, 0x76, 0xd5, 0x66, 0x8e, 0x58, 
	0x4e, 0x48, 0xe3, 0xd4, 0x54, 0xc9, 0x31, 0x23, 0xa6, 0x69, 
	0x80, 0xfd, 0xb4, 0x6d, 0xa5, 0x12, 0xaf, 0x75, 0x22, 0x8f, 
	0x3a, 0x2c, 0x77, 0xfc, 0xa8, 00, 0xdb, 0x46, 0xda, 0x5f, 
	0x36, 0x2f, 0x7a, 0x3c, 0xe8, 0x85, 00, 0x1b, 0x68, 0xd9, 
	0x4e, 0xf3, 0xa3, 0x3, 0x22, 0x9b, 0xf6, 0x85, 0xf4, 0xa0, 
	0x7, 0x46, 0x30, 0xc3, 0x35, 0x1d, 0xd3, 0x86, 0x6e, 0x29, 
	0xe6, 0x64, 0xec, 0x2a, 0xa1, 0x5, 0x9b, 0x34, 00, 0x11, 
	0xb4, 0xe0, 0x52, 0xe0, 0x63, 0x35, 0x27, 0x97, 0xc0, 0x23, 
	0x39, 0xc7, 0x3f, 0x5a, 0x8e, 0x80, 0x36, 0xb4, 0xdf, 0xf5, 
	0x3f, 0x89, 0xad, 0x2a, 0xcc, 0xd3, 0xb3, 0xe4, 0xfe, 0x35, 
	0xa3, 0x59, 0xb2, 0xd0, 0xb4, 0xe1, 0x4c, 0x6, 0x97, 0x34, 
	0x86, 0x7f, 0xff, 0xd3, 0xac, 0x4d, 0x42, 0xc6, 0x94, 0x9a, 
	0x85, 0x8d, 0x21, 0x8c, 0x73, 0xc6, 0x2a, 0xa5, 0x58, 0x35, 
	0x7, 0x43, 0x4c, 0x45, 0xe8, 0xc6, 0x11, 0x6a, 0x78, 0x7e, 
	0xed, 0x53, 0x13, 0xe1, 0x42, 0x81, 0x5a, 0x11, 0x1, 0xe5, 
	0x8a, 0x92, 0xee, 0x66, 0x5c, 0xf, 0xde, 0x55, 0xcb, 0x2e, 
	0x63, 0x3e, 0xc6, 0xab, 0xdd, 0xc, 0x35, 0x58, 0xb0, 0xe8, 
	0xc2, 0x99, 0x5, 0xa2, 0xd, 0x37, 0x6d, 0x4f, 0x8a, 0x4c, 
	0x52, 0x28, 0x83, 0xcb, 0xa5, 0xf2, 0xea, 0x6a, 0x28, 0x2, 
	0x1f, 0x2e, 0x8f, 0x2e, 0xa6, 0xa2, 0x80, 0x22, 0xd9, 0x46, 
	0xca, 0x93, 0x8c, 0xe2, 0x91, 0x98, 0x28, 0xe6, 0x80, 0x19, 
	0xb2, 0x8d, 0x82, 0x9d, 0xb8, 0x6d, 0xd, 0x8e, 0xb4, 0x81, 
	0xf9, 0xc1, 0x18, 0xa0, 0x3, 0x65, 0x1b, 0x5, 0x1b, 0xf1, 
	0xc9, 0x18, 0x14, 0xac, 0xd8, 0x3b, 0x57, 0xad, 00, 0x26, 
	0xca, 0x36, 0x8a, 0x3, 0xee, 0x50, 0x54, 0x50, 0xaf, 0xce, 
	0xd6, 0xc5, 00, 0x1b, 0x45, 0x2e, 0xda, 0x6e, 0xfc, 0xb8, 
	0x50, 0x38, 0xa9, 0x28, 0x1, 0x9b, 0x69, 0x71, 0x51, 0xb3, 
	0x30, 0xee, 0x7, 0xb5, 0x4c, 0x39, 00, 0xf4, 0xa0, 0x6, 
	0xe2, 0x8c, 0x53, 0xbb, 0x71, 0x51, 0x29, 0x6d, 0xcd, 0x9e, 
	0xc2, 0x80, 0x1f, 0x8a, 0x5c, 0x55, 0x75, 0x24, 0x81, 0xb8, 
	0x91, 0x4f, 0x56, 0xc3, 0x1c, 0xfd, 0x5, 00, 0x4b, 0x8a, 
	0x31, 0x55, 0xd5, 0x8e, 0x57, 0x1d, 0xf2, 0x6a, 0x65, 0x62, 
	0x49, 0x53, 0xda, 0x80, 0x1d, 0x8a, 0x4c, 0x52, 0xb0, 0x1d, 
	0x3a, 0x54, 0x20, 0x62, 0x40, 00, 0xc5, 00, 0x4d, 0x8a, 
	0x4c, 0xa8, 0xe0, 0x90, 0x29, 0xf5, 0x1b, 0x72, 0x76, 0x8a, 
	00, 0x50, 0x57, 0xd6, 0x97, 0x8e, 0x95, 0x11, 0x5d, 0x8c, 
	0xbe, 0x94, 0xf0, 0x32, 0xfb, 0xbb, 0x62, 0x80, 0x1f, 0x8a, 
	0x85, 0xad, 0xe1, 0x7e, 0xab, 0xf9, 0x54, 0xc4, 0x1e, 0xc7, 
	0x14, 0x28, 0x23, 0xa9, 0xa0, 0xa, 0xdf, 0x64, 0x4e, 0xc4, 
	0x8a, 0x67, 0xd8, 0x97, 0xfb, 0xc7, 0xf4, 0xab, 0xd4, 0x51, 
	0x70, 0xb1, 0x47, 0xec, 0x4b, 0xfd, 0xe3, 0x4e, 0xfb, 0x14, 
	0x7e, 0xa6, 0xae, 0x51, 0x45, 0xc2, 0xc5, 0x41, 0x67, 0x10, 
	0xf5, 0xa9, 0x5, 0xb4, 0x3f, 0xdd, 0x15, 0x3d, 0x28, 0x14, 
	0x5, 0x8a, 0xf2, 0xc3, 0x12, 0x47, 0x95, 0x50, 0x2a, 0xa4, 
	0x78, 0x6c, 0x2, 0xa2, 0xae, 0x5d, 0x9c, 0x28, 0x5a, 0xad, 
	0x6e, 0x7, 0xde, 0x3c, 0x1, 0x4c, 0x43, 0xc3, 0xc6, 0x1, 
	0x18, 0xc1, 0xcf, 0xe9, 0x55, 0xd6, 0x33, 0x2c, 0x9b, 0x16, 
	0x9f, 0x31, 0x5, 0xb2, 0xb5, 0xa5, 0x65, 0x6f, 0xb1, 0x77, 
	0x11, 0xc9, 0xa1, 0x82, 0x2e, 0xc4, 0x81, 0x10, 0x28, 0xe0, 
	0xa, 0x92, 0x94, 0xc, 0x51, 0x59, 0x96, 0x37, 0x6, 0x97, 
	0x14, 0x51, 0x40, 0x1f, 0xff, 0xd4, 0xcf, 0x35, 0x11, 0xa9, 
	0x5a, 0xa2, 0x34, 0x80, 0x8c, 0xd4, 0x2c, 0x2a, 0x6a, 0x4e, 
	0xd4, 0xc0, 0xaf, 0x5b, 0x76, 0xfc, 0xc4, 0x2b, 0x17, 0x1c, 
	0xd6, 0xbd, 0xa9, 0xf9, 0x71, 0x48, 0x11, 0x5a, 0xf0, 0x53, 
	0xac, 0x3e, 0xf1, 0x15, 0x25, 0xe0, 0xf9, 0x69, 0x96, 0x43, 
	0x6, 0x81, 0x9a, 0x38, 0xa2, 0x9d, 0x49, 0x52, 0x31, 0xb4, 
	0x52, 0xd1, 0x40, 0x9, 0x45, 0x2d, 0x14, 0x1, 0x5c, 0x46, 
	0x77, 0xe7, 0x27, 0x18, 0xa9, 0x1c, 0x7c, 0x87, 0x1e, 0x95, 
	0x25, 0x14, 0x1, 0x7, 0xcc, 0xa8, 0xa0, 0xe, 0xd4, 0x28, 
	0xc6, 0x48, 0x53, 0x9f, 0x7a, 0x9f, 0x14, 0x53, 0x2, 0xb8, 
	0x4, 0x90, 0x59, 0x69, 0xcc, 0xac, 0x1f, 0x70, 0xf4, 0xc5, 
	0x4d, 0x45, 0x20, 0x20, 0x54, 0x64, 0x50, 0x7, 0x34, 0x8, 
	0xba, 0xe7, 0x80, 0x7b, 0xa, 0x9e, 0x8a, 00, 0xae, 0x21, 
	0xc4, 0x81, 0xbb, 0x1, 0x53, 0xd2, 0xd1, 0x40, 0x10, 0x14, 
	0x62, 0x36, 0x93, 0xc5, 0x4b, 0x8e, 00, 0x14, 0xea, 0x38, 
	0x14, 00, 0x98, 0xa6, 0x4, 0xc1, 0x27, 0xd6, 0xa4, 0xe2, 
	0x90, 0x11, 0xd0, 0x50, 0x4, 0x7e, 0x5e, 0x7a, 0x9c, 0x8a, 
	0x4, 0x2b, 0xcf, 0xbd, 0x49, 0x90, 0xe, 0x28, 0x2c, 0xa3, 
	0xad, 00, 0x31, 0x63, 0x55, 0xc6, 0x3b, 0xc, 0x53, 0x82, 
	0x80, 0x49, 0xf5, 0xa5, 0xe3, 0x19, 0xa0, 0x10, 0x46, 0x45, 
	00, 0x21, 0x50, 0xc3, 0x6, 0x91, 0x50, 0x2f, 0x4a, 0x70, 
	0x20, 0xf4, 0xa7, 0x50, 0x3, 0x71, 0x46, 0xd1, 0x9c, 0xd3, 
	0xa8, 0xa0, 0x6, 0xe2, 0x97, 0x14, 0xb4, 0x50, 0x31, 0x28, 
	0xa5, 0xa5, 0xa0, 0x43, 0x68, 0xa7, 0x62, 0x8a, 00, 0x6d, 
	0x14, 0xec, 0x51, 0x8a, 00, 0x4a, 0x72, 0x8a, 0x4c, 0x53, 
	0xd6, 0x80, 0x28, 0x5d, 0xf2, 0xf8, 0xa9, 0xad, 0x62, 0x46, 
	0x18, 0x61, 0x9a, 0xaf, 0x3e, 0xb, 0x1a, 0xb9, 0x6a, 0x70, 
	0x9c, 0x53, 0x6c, 0x12, 0x2e, 0x2d, 0xbc, 0x63, 0xee, 0xa8, 
	0x15, 0x38, 0x5c, 0x53, 0x55, 0xf8, 0xa7, 0x66, 0xa4, 0x62, 
	0xd3, 0x69, 0x33, 0x45, 0x3, 0xa, 0x4c, 0x53, 0xa9, 0x68, 
	0x3, 0xff, 0xd5, 0xce, 0x35, 0x19, 0xa9, 0x58, 0x1a, 0x88, 
	0x8a, 0x40, 0x47, 0x49, 0x4f, 0xa8, 0xcd, 0x30, 0x22, 0x63, 
	0x5a, 0x16, 0x67, 0x8a, 0xce, 0x61, 0x57, 0x2d, 0x5b, 0x68, 
	0xa4, 0x8, 0xbb, 0x70, 0xb9, 0x43, 0xf4, 0xaa, 0xb6, 0x87, 
	0xf7, 0xa0, 0x55, 0x89, 0xa6, 0x4d, 0xb8, 0x15, 0x4e, 0xdc, 
	0xed, 0x9a, 0x90, 0xcd, 0xaa, 0x6d, 0x3a, 0x92, 0x90, 0xc4, 
	0xa2, 0x8a, 0x5a, 00, 0x4a, 0x28, 0xa2, 0x80, 0xa, 0x89, 
	0xd8, 0xaf, 0x41, 0x53, 0x53, 0x19, 0x77, 0x63, 0xda, 0x80, 
	0x11, 0x9b, 0x4, 0x28, 0xef, 0x4d, 0xe, 0x42, 0xb1, 0x3f, 
	0xc3, 0x4f, 0x65, 0xdd, 0x83, 0xe9, 0x48, 0x10, 0x63, 0x1e, 
	0xb4, 00, 0xd0, 0xc7, 0x70, 0x1e, 0xa2, 0x98, 0x5c, 0xe3, 
	0x77, 0xbe, 0x2a, 0x55, 0x40, 0x39, 0xa3, 0xcb, 0x14, 0x1, 
	0x17, 0xcd, 0x93, 0x90, 0x71, 0xda, 0x9d, 0xf2, 0xed, 0x7, 
	0xf2, 0xa7, 0xf9, 0x62, 0x97, 0x68, 0xe3, 0xda, 0x80, 0x18, 
	0x1, 0x50, 0x58, 0xfa, 0x54, 0x79, 0xc6, 0xd3, 0xdf, 0xbd, 
	0x59, 0xc5, 0x34, 0x46, 0x3b, 0xa, 0x6, 0x40, 0x19, 0x84, 
	0x59, 0xa5, 0xca, 0xe0, 0xf, 0x4f, 0x5a, 0xb1, 0xb7, 0x8c, 
	0x62, 0x93, 0x65, 0x2, 0x2b, 0x91, 0xc0, 0xe4, 0x54, 0x88, 
	0x79, 0xe9, 0x52, 0xed, 0xa5, 0xdb, 0x40, 0xca, 0xa3, 0x24, 
	0x1, 0xdf, 0x3c, 0xd3, 0xdb, 0xa7, 0xcb, 0xc1, 0xa9, 0xf6, 
	0xd2, 0xec, 0xa0, 0xa, 0xe4, 0x63, 0x6f, 0x1c, 0xa, 0x66, 
	0xd6, 0x1c, 0xff, 00, 0x2a, 0xb9, 0xb0, 0xfa, 0x51, 0xb2, 
	0x80, 0x21, 0x40, 0x73, 0xcf, 0x4a, 0x92, 0x9f, 0xb2, 0x97, 
	0x65, 00, 0x47, 0x45, 0x49, 0xb2, 0x97, 0x68, 0xa0, 0x8, 
	0xa8, 0xa9, 0x76, 0x8a, 0x36, 0xaf, 0xa8, 0xa0, 0x8, 0xa9, 
	0x6a, 0x4d, 0xa9, 0xea, 0x29, 0x76, 0xc7, 0xea, 0x28, 0x2, 
	0x2a, 0x2a, 0x6c, 0x47, 0xeb, 0x49, 0xfb, 0xa1, 0xde, 0x81, 
	0x11, 0x51, 0x52, 0x6f, 0x86, 0x8f, 0x32, 0x1a, 00, 0x8c, 
	0x53, 0x8f, 0xca, 0xb9, 0xa5, 0xf3, 0xa2, 0x15, 0x52, 0x79, 
	0xf3, 0xd3, 0xa5, 0x30, 0x2b, 0x38, 0xdc, 0xe0, 0x56, 0xa4, 
	0x11, 0xfc, 0xbe, 0xd5, 0x9d, 0x6c, 0x86, 0x59, 0x3d, 0x85, 
	0x6d, 0xa8, 0xda, 0x2a, 0x5a, 0x1a, 0x13, 00, 0x74, 0xa5, 
	0xa5, 0xeb, 0xd2, 0x9d, 0x82, 0x3a, 0xd0, 0x31, 0x94, 0xbc, 
	0x53, 0xb6, 0xe7, 0xa5, 0x26, 0xd0, 0x28, 0x10, 0x66, 0x8a, 
	0x6e, 0x69, 0x73, 0x40, 0x1f, 0xff, 0xd6, 0xa4, 0xd5, 0x1, 
	0xab, 0x85, 0x2a, 0xbb, 0x28, 0xa4, 0x32, 0xb9, 0xa6, 0xd4, 
	0x84, 0x7a, 0x54, 0x66, 0x98, 0x88, 0xd8, 0x50, 0x84, 0x8f, 
	0x94, 0x53, 0xa9, 0x14, 0x73, 0x40, 0xd, 0x6d, 0xc0, 0xe0, 
	0xf6, 0xa2, 0x36, 0xda, 0xd9, 0xab, 0x13, 0x15, 0x75, 0x3, 
	0xb8, 0xaa, 0xdb, 0x4d, 00, 0x6e, 0xc3, 0x30, 0x75, 00, 
	0xd4, 0xd9, 0x15, 0x80, 0x92, 0x14, 0xe2, 0xa4, 0x33, 0xb5, 
	0x4d, 0x87, 0x73, 0x73, 0x22, 0x93, 0x22, 0xb0, 0xfe, 0xd0, 
	0xd4, 0x7d, 0xa1, 0xa8, 0xb0, 0x5c, 0xdc, 0xc8, 0xa4, 0xdc, 
	0xb5, 0x87, 0xe7, 0xb5, 0x37, 0xce, 0x7a, 0x2c, 0x17, 0x37, 
	0xb7, 0x2d, 0x1b, 0xd7, 0xd4, 0x56, 0xf, 0x9c, 0xf4, 0x9e, 
	0x6b, 0xd3, 0xb0, 0x5c, 0xdf, 0xde, 0x9e, 0xa2, 0x9b, 0xe6, 
	0xc6, 0x3b, 0xd6, 0xf, 0x98, 0xf4, 0x9b, 0xde, 0x8b, 0x5, 
	0xcd, 0xef, 0x3e, 0x2a, 0x4f, 0xb4, 0x45, 0x58, 0x3b, 0x9a, 
	0x93, 0x2d, 0x45, 0x82, 0xe6, 0xf7, 0xda, 0x63, 0xa3, 0xed, 
	0x51, 0xfa, 0x56, 0xe, 0x4d, 0x1c, 0xd1, 0x60, 0xb9, 0xbd, 
	0xf6, 0xb4, 0xa3, 0xed, 0x69, 0xe9, 0x58, 0x40, 0x91, 0x49, 
	0xcd, 0x16, 0x15, 0xcd, 0xdf, 0xb5, 0xa7, 0xa0, 0xa4, 0xfb, 
	0x62, 0xfa, 0xa, 0xc3, 0xe6, 0x8c, 0x1a, 0x2c, 0x17, 0x37, 
	0x3e, 0xda, 0x3d, 0xa9, 0xbf, 0x6e, 0x15, 0x8c, 0x5, 0x29, 
	0x1e, 0x94, 0x58, 0xd, 0x53, 0x7c, 0x71, 0x51, 0xfd, 0xb8, 
	0xfa, 0xd6, 0x6e, 0x28, 0xc5, 0x3b, 0x1, 0xa7, 0xf6, 0xe3, 
	0xeb, 0x4d, 0x6b, 0xd3, 0xeb, 0x59, 0xf8, 0xa3, 0x14, 0x58, 
	0xb, 0xe2, 0xf4, 0xd3, 0xbe, 0xd7, 0x59, 0xd8, 0xa3, 0x14, 
	0x1, 0xa7, 0xf6, 0x9f, 0x7a, 0x4f, 0x3c, 0xd6, 0x75, 0x2e, 
	0x68, 0x2, 0xf7, 0x9c, 0xdd, 0xa9, 0x9e, 0x7b, 0xd5, 0x6d, 
	0xd4, 0x6e, 0xa0, 0x9, 0xbe, 0xd2, 0xe2, 0x8f, 0xb4, 0xbd, 
	0x41, 0x9a, 0x4a, 00, 0xb1, 0xf6, 0x97, 0xa3, 0xcf, 0x7a, 
	0xaf, 0x4b, 0x9a, 00, 0x97, 0xce, 0x7a, 0x70, 0x99, 0xaa, 
	0xa, 0x70, 0xcf, 0x6a, 00, 0x98, 0xca, 0xc6, 0x8e, 0x5a, 
	0x9a, 0x14, 0x9a, 0xd1, 0xb5, 0xb7, 0xc9, 0xc, 0x68, 0x2, 
	0xd5, 0xa4, 0x1b, 0x12, 0xaf, 0xe1, 0x40, 0xa1, 0x14, 0xa, 
	0x97, 0x8a, 0x82, 0x88, 0xb3, 0x8a, 0x28, 0x6a, 0x65, 0x21, 
	0x8e, 0x6, 0x96, 0xa3, 0xa3, 0x34, 00, 0xfc, 0xa, 0x4a, 
	00, 0xf5, 0xa7, 0xed, 0x1d, 0xa8, 0x3, 0xff, 0xd7, 0x69, 
	0x5a, 0x85, 0x94, 0x55, 0xb2, 0xb5, 0x11, 0xa, 0x2a, 0xa, 
	0x28, 0xb2, 0xd4, 0x5, 0x6a, 0xfb, 0xf, 0x41, 0x50, 0x34, 
	0x64, 0xd5, 0x8, 0xa6, 0x69, 0xb5, 0x3b, 0x47, 0x8a, 0x86, 
	0x98, 0x86, 0x35, 0x37, 0x35, 0x28, 0xc5, 0x37, 0x67, 0xa5, 
	00, 0x47, 0x4b, 0x9e, 0x29, 0x76, 0x9a, 0x7f, 0x97, 0xc5, 
	00, 0x45, 0x49, 0x53, 0x79, 0x74, 0x6c, 0xa0, 0x8, 0x68, 
	0xa9, 0x4a, 0x62, 0x80, 0x94, 0x1, 0x1e, 0x68, 0xcd, 0x4d, 
	0xe5, 0x8a, 0x3c, 0xba, 00, 0x8b, 0x34, 0xb9, 0x15, 0x28, 
	0x8e, 0x98, 0xe9, 0x8e, 0x94, 00, 0xdc, 0x8a, 0x5c, 0x8a, 
	0x66, 0x29, 0x71, 0x40, 0xe, 0xe2, 0x8e, 0x29, 0xb8, 0xa5, 
	0xc5, 00, 0x2f, 0x14, 0x64, 0x52, 0x62, 0x8c, 0x50, 0x2, 
	0xe4, 0x52, 0xe6, 0x93, 0x14, 0x62, 0x80, 0x17, 0x34, 0x99, 
	0xa5, 0xc5, 0x18, 0xa0, 0x4, 0xcd, 0x19, 0xa7, 0x62, 0x9f, 
	0xb3, 0x8a, 00, 0x8a, 0x8a, 0x93, 0x69, 0xa3, 0x61, 0xa0, 
	0x8, 0xe8, 0xa9, 0x36, 0xd2, 0xe2, 0x80, 0x22, 0xa5, 0xc5, 
	0x3f, 0x15, 0x22, 0x70, 0x8, 0xa0, 0x8, 0x31, 0x4b, 0x8a, 
	0x93, 0x14, 0x98, 0xa0, 0x6, 0x62, 0x8c, 0x53, 0xf0, 0x7d, 
	0x29, 0xc1, 0x18, 0xf4, 0x53, 0xf9, 0x50, 0x4, 0x58, 0xa5, 
	0xc5, 0x4b, 0xe5, 0xbf, 0x4c, 0x62, 0x9d, 0xe5, 0xe0, 0x64, 
	0xe0, 0x50, 0x2, 0x45, 0x1e, 0xe3, 0xf4, 0xab, 0x7b, 0x15, 
	0x7a, 0xd4, 0x51, 0xf0, 0x3e, 0x5a, 0xb7, 0x1c, 0x25, 0xa9, 
	00, 0x47, 0x9, 0x73, 0x93, 0xd2, 0xb5, 0x11, 0x42, 0x8a, 
	0x64, 0x71, 0x10, 0x2a, 0xc2, 0xa1, 0xa9, 0x29, 0x20, 0x14, 
	0xfe, 0x69, 0x31, 0x8e, 0x94, 0x9b, 0xbb, 0x52, 0x2, 0x32, 
	0xd, 0x34, 0x66, 0xa5, 0xcd, 0x26, 0xda, 0x6, 0x26, 0x29, 
	0xb5, 0x26, 0x29, 0xa, 0x8a, 00, 0x1, 0x2, 0x97, 0x75, 
	0x47, 0x83, 0x4e, 0xc5, 00, 0x7f, 0xff, 0xd0, 0xb1, 0xb3, 
	0x34, 0x9e, 0x58, 0xa9, 0xf1, 0x48, 0x54, 0x56, 0x65, 0x15, 
	0x4a, 0x1, 0xd2, 0xa2, 0x28, 0x6a, 0xf6, 0xdf, 0x4a, 0x4d, 
	0xa3, 0xbd, 0x30, 0x33, 0x1a, 0x12, 0x6a, 0xa4, 0x90, 0x95, 
	0xad, 0xb2, 0x16, 0xab, 0x48, 0xa0, 0xf0, 0x5, 0x34, 0x16, 
	0x31, 0x71, 0x8a, 0x1, 0xab, 0x32, 0x44, 0x6a, 0xb6, 0xdd, 
	0xb5, 0x44, 0x8f, 0x18, 0xa9, 0x32, 0x31, 0x8a, 0xaf, 0x9a, 
	0x70, 0x34, 0x1, 0x38, 0x3, 0xb5, 0x29, 0x51, 0x50, 0x66, 
	0xa4, 0xdd, 0x40, 0x6, 0xca, 0x50, 0x94, 0xa1, 0xbd, 0xe9, 
	0xc1, 0xe8, 0x1, 0x36, 0xd2, 0x84, 0xa3, 0x7f, 0xbd, 0x1e, 
	0x67, 0xbd, 0x20, 0x1e, 0x17, 0x35, 0x4, 0x8b, 0xdb, 0x14, 
	0xff, 00, 0x33, 0xde, 0xa3, 0xdf, 0xef, 0x4c, 0x8, 0xbc, 
	0xb6, 0xf4, 0xa7, 0x88, 0x8d, 0x49, 0xbc, 0x51, 0xbc, 0x50, 
	0x4, 0x7e, 0x51, 0xa3, 0xca, 0x35, 0x26, 0xf1, 0x49, 0xe6, 
	0xa, 00, 0x67, 0x94, 0x68, 0x11, 0x1f, 0x6a, 0x77, 0x98, 
	0x28, 0xf3, 0x28, 0x1, 0xbe, 0x57, 0xbd, 0x28, 0x8b, 0xde, 
	0x97, 0x7d, 0x26, 0xfa, 00, 0x36, 0x2f, 0x4c, 0xd3, 0xbc, 
	0xb1, 0x51, 0xee, 0xf6, 0xa5, 0xde, 0xd4, 0x1, 0x27, 0x96, 
	0xb4, 0xf0, 0x3b, 0x62, 0xa1, 0xdc, 0xd4, 0xa0, 0x9a, 00, 
	0x9b, 0x1e, 0xc2, 0x93, 0xf0, 0xa6, 0x7c, 0xf4, 0xdc, 0x35, 
	00, 0x49, 0x8c, 0xf5, 0xa5, 0xda, 0xb5, 0x1e, 0xd6, 0x34, 
	0x6d, 0x6a, 00, 0x94, 0x6c, 0x1d, 0x85, 0x37, 0x3c, 0xf4, 
	0x14, 0xc0, 0xac, 0x69, 0xc2, 0x27, 0xa0, 0x9, 0x6, 0xd1, 
	0x4e, 0xdc, 0x2a, 0x3f, 0x25, 0xa8, 0xf2, 0x5e, 0x90, 0x13, 
	0x79, 0x9e, 0xf4, 0x9e, 0x65, 0x35, 0x6d, 0x9c, 0xd4, 0xeb, 
	0x6a, 0x68, 0x19, 0x9, 0x72, 0x69, 0xcb, 0x13, 0x3f, 0x51, 
	0x56, 0x56, 0xcd, 0xf3, 0x56, 0xd2, 0x12, 0x28, 0xb8, 0x58, 
	0xaf, 0xc, 0xa, 0x3a, 0xd6, 0x82, 0x5, 0x3, 0x81, 0x4d, 
	0x11, 0xe2, 0xa4, 0x2, 0xa4, 0x76, 0x1d, 0x49, 0xcd, 0x3a, 
	0x93, 0x9a, 0x43, 0x1c, 0x29, 0xbc, 0xa, 0x30, 0x69, 0x71, 
	0x40, 0xb, 0xb8, 0x50, 0x9, 0x34, 0x98, 0x14, 0x64, 0xa, 
	0x4, 0x3b, 0x60, 0xef, 0x49, 0x80, 0x3a, 0x51, 0x9f, 0x4a, 
	0x4c, 0x1a, 00, 0x4e, 0x29, 0x38, 0xa7, 0x62, 0x8d, 0xb4, 
	0xc, 0xff, 0xd1, 0xd3, 0xc0, 0x15, 0x19, 0x22, 0x94, 0x95, 
	0xa6, 0x6e, 0x3, 0xb5, 0x66, 0x58, 0xa5, 0xb8, 0xe2, 0xa0, 
	0x24, 0xd3, 0x89, 0x2d, 0xd2, 0x99, 0xb7, 0xd6, 0x80, 0x1a, 
	0x48, 0xa6, 0xe0, 0x9a, 0x7e, 0x5, 0x29, 0xa0, 0x65, 0x76, 
	0x8f, 0x35, 0x3, 0x5b, 0x8e, 0xa6, 0xae, 0xd1, 0xc5, 0x3b, 
	0x8a, 0xc6, 0x4b, 0xc1, 0x8e, 0x82, 0xa0, 0x28, 0x47, 0x5a, 
	0xdb, 0x2a, 0x4f, 0x15, 0x9, 0xb5, 0x1d, 0x5a, 0x9d, 0xc5, 
	0x63, 0x23, 0xe9, 0x46, 0xd6, 0x3d, 0xab, 0x53, 0xec, 0xe3, 
	0xb0, 0xa5, 0xf2, 0x3b, 0x53, 0xb8, 0xac, 0x65, 0x60, 0x8a, 
	0x4e, 0x6b, 0x57, 0xec, 0xeb, 0x4e, 0x5b, 0x7f, 0x6a, 0x2e, 
	0x16, 0x32, 0x70, 0xd4, 0x6d, 0x6a, 0xd8, 0xfb, 0x35, 0x1f, 
	0x66, 0x1d, 0xe9, 0x5c, 0x2c, 0x64, 0x5, 0x34, 0xe1, 0x1b, 
	0x76, 0x15, 0xae, 0x2d, 0xd7, 0xb0, 0xa9, 0x4, 0x1d, 0xb1, 
	0x45, 0xc7, 0xca, 0x63, 0x8, 0x5a, 0x9f, 0xe4, 0x3f, 0x61, 
	0x5b, 0x62, 0x25, 0x1c, 0x54, 0x81, 0x40, 0xe9, 0x45, 0xc2, 
	0xc6, 0x8, 0xb5, 0x7e, 0xf4, 0x7d, 0x9c, 0xd6, 0xd9, 0x51, 
	0x49, 0xb0, 0x52, 0xb8, 0x72, 0x98, 0xdf, 0x65, 0x6a, 0x70, 
	0xb6, 0x23, 0xb5, 0x6c, 0x79, 0x63, 0x14, 0x9b, 0x56, 0x8b, 
	0x8e, 0xc6, 0x47, 0xd9, 0x98, 0xf4, 0xa9, 0x16, 0xc9, 0xbf, 
	0x8b, 0x8a, 0xd7, 0x55, 0xcf, 0xa, 0x31, 0x48, 0x57, 0xd6, 
	0x8b, 0x8a, 0xc6, 0x6f, 0xd9, 0x50, 0x54, 0x8b, 0x6b, 0xc6, 
	0x40, 0xad, 0x5, 0x45, 0x1d, 0xaa, 0x4c, 0x71, 0x8e, 0x94, 
	0x5c, 0x76, 0x33, 0x45, 0xa2, 0xff, 00, 0x15, 0x3c, 0x5b, 
	0x2f, 0xf0, 0xa, 0xbb, 0xb5, 0x45, 0x2e, 0x70, 0x38, 0xa5, 
	0x70, 0xb1, 0x53, 0xec, 0xa0, 0x75, 0xa4, 0xfb, 0x3a, 0x7a, 
	0x55, 0xae, 0xb4, 0x6d, 0x34, 0x5c, 0x2c, 0x54, 0xf2, 0x57, 
	0xb0, 0xa3, 0xc8, 0x5a, 0xb5, 0x8e, 0xc2, 0x97, 0x6f, 0xad, 
	0x1, 0x62, 0xa0, 0x81, 0x7, 0x6a, 0x78, 0x84, 0x9e, 0x82, 
	0xac, 0x8c, 0xa, 0x93, 0x27, 0xb5, 00, 0x56, 0x10, 0x63, 
	0xef, 0x53, 0xfc, 0xb5, 0x1d, 0x2a, 0x6d, 0xa6, 0x9d, 0x80, 
	0x28, 0x2, 0xb6, 0xca, 0x7a, 0xa9, 0xe9, 0x4f, 0xcd, 0x28, 
	0xcd, 00, 0x2e, 0xd0, 0x29, 0x33, 0xe9, 0x4e, 0xc5, 0x26, 
	0x28, 0x1, 0x7, 0x34, 0xe0, 00, 0xa4, 0x6, 0x9f, 0x8f, 
	0x4a, 00, 0x33, 0xe9, 0x49, 0xcd, 0x2e, 0xd, 0x1b, 0x68, 
	0x1, 0xb4, 0xb8, 0x34, 0xec, 0x62, 0x97, 0x22, 0x80, 0x1b, 
	0xb2, 0x93, 0x18, 0xa5, 0xdd, 0x4d, 0xe4, 0xd0, 0x3, 0xb8, 
	0xa3, 0x70, 0xa4, 00, 0x77, 0xa3, 0xe5, 0x14, 00, 0x6e, 
	0xa6, 0xe4, 0xd2, 0xfd, 0x28, 0xf9, 0xbd, 0x28, 0x3, 0xff, 
	0xd2, 0xbb, 0x4c, 0x34, 0xfa, 0x61, 0xac, 0xcd, 0x5, 0x14, 
	0xca, 0x78, 0xa6, 0x50, 0x2, 0xe, 0xb4, 0xd3, 0x4e, 0x1d, 
	0x69, 0xa6, 0x80, 0x12, 0x96, 0x92, 0x96, 0x80, 0x1e, 0xb4, 
	0x9d, 0xe9, 0x56, 0x93, 0xbd, 00, 0x34, 0xd3, 0x69, 0xc6, 
	0x9b, 0x40, 0xa, 0x3a, 0xd5, 0x85, 0xe9, 0x55, 0xc7, 0x5a, 
	0xb0, 0xbd, 0x29, 00, 0xc3, 0x40, 0xe9, 0x41, 0xa0, 0x74, 
	0xa0, 0x7, 0x25, 0x49, 0x51, 0xa5, 0x49, 0x4c, 0x6, 0x77, 
	0xa7, 0x53, 0x7b, 0xd3, 0xa9, 00, 0xde, 0xf4, 0x86, 0x97, 
	0xbd, 0x21, 0xa0, 0x3, 0xb5, 0xb, 0xd6, 0x8e, 0xd4, 0x2f, 
	0x5a, 00, 0x98, 0x54, 0x75, 0x20, 0xa8, 0xe9, 0x81, 0x28, 
	0xe9, 0x41, 0xa0, 0x74, 0xa0, 0xd2, 0x2, 0x3a, 0x5, 0x14, 
	0xa, 00, 0x90, 0x75, 0xa5, 0x34, 0x83, 0xad, 0x29, 0xa0, 
	0x6, 0xe, 0xb4, 0x86, 0x94, 0x75, 0xa4, 0x34, 0xc0, 0x41, 
	0x53, 0x8a, 0x80, 0x54, 0xe2, 0x81, 0x5, 0x34, 0xd3, 0xa9, 
	0xa6, 0x80, 0x12, 0x9d, 0x4d, 0xa7, 0x50, 0x3, 0xc7, 0x4a, 
	0x46, 0xa5, 0x1d, 0x29, 0x1a, 0x80, 0x11, 0x6a, 0x5a, 0x89, 
	0x6a, 0x5a, 00, 0x6d, 0x2d, 0x25, 0x2d, 00, 0x6, 0xa3, 
	0x35, 0x21, 0xa8, 0xcd, 00, 0x20, 0xa7, 0x53, 0x45, 0x3a, 
	0x80, 0x10, 0xd2, 0x52, 0x9a, 0x4a, 00, 0x7a, 0xd3, 0xe9, 
	0x8b, 0x4f, 0xa0, 0xf, 0xff, 0xd9, };

	/* /index.html.gz */
	static const char name_index_html_gz[] = {
0x2f, 0x69, 0x6e, 0x64, 0x65, 0x78, 0x2e, 0x68, 0x74, 0x6d, 0x6c, 0x2e, 0x67, 0x7a, 0,
};

__attribute__((aligned(2))) static const char data_index_html_gz[] = {
	0x48, 0x54, 0x54, 0x50, 0x2f, 0x31, 0x2e, 0x30, 0x20, 0x32, 
	0x30, 0x30, 0x20, 0x4f, 0x4b, 0xd, 0xa, 0x53, 0x65, 0x72, 
	0x76, 0x65, 0x72, 0x3a, 0x20, 0x75, 0x49, 0x50, 0x2f, 0x30, 
	0x2e, 0x39, 0x20, 0x28, 0x68, 0x74, 0x74, 0x70, 0x3a, 0x2f, 
	0x2f, 0x64, 0x75, 0x6e, 0x6b, 0x65, 0x6c, 0x73, 0x2e, 0x63, 
	0x6f, 0x6d, 0x2f, 0x61, 0x64, 0x61, 0x6d, 0x2f, 0x75, 0x69, 
	0x70, 0x2f, 0x29, 0xd, 0xa, 0x43, 0x6f, 0x6e, 0x74, 0x65, 
	0x6e, 0x74, 0x2d, 0x74, 0x79, 0x70, 0x65, 0x3a, 0x20, 0x74, 
	0x65, 0x78, 0x74, 0x2f, 0x68, 0x74, 0x6d, 0x6c, 0xd, 0xa, 
	0x43, 0x6f, 0x6e, 0x74, 0x65, 0x6e, 0x74, 0x2d, 0x45, 0x6e, 
	0x63, 0x6f, 0x64, 0x69, 0x6e, 0x67, 0x3a, 0x20, 0x67, 0x7a, 
	0x69, 0x70, 0xd, 0xa, 0xd, 0xa, 0x1f, 0x8b, 0x8, 0x8, 
	0xec, 0xc2, 0xda, 0x68, 0x2, 0x3, 0x69, 0x6e, 0x64, 0x65, 
	0x78, 0x2e, 0x68, 0x74, 0x6d, 0x6c, 0x7e, 00, 0xad, 0x5a, 
	0xeb, 0x72, 0xdb, 0x46, 0x9a, 0xfd, 0xef, 0xa7, 0xe8, 0x91, 
	0x27, 0x96, 0x34, 0x4b, 0xf0, 0x66, 0x5b, 0xb1, 0x29, 0x8a, 
	0x53, 0xb2, 0x32, 0x8e, 0x35, 0xb1, 0x63, 0x95, 0xa5, 0xac, 
	0x2b, 0xb5, 0xb5, 0x95, 0x69, 0x2, 0x4d, 0xb2, 0x2d, 0xdc, 
	0x6, 0xd, 0x88, 0x62, 0x52, 0x99, 0xf7, 0xd9, 0xd7, 0xd8, 
	0x27, 0xdb, 0x73, 0xbe, 0x6e, 0x80, 0x94, 0x1c, 0x67, 0xec, 
	0xd4, 0xfa, 0x22, 0x1, 0x8d, 0x46, 0xf7, 0x77, 0x3d, 0xdf, 
	0xa5, 0x31, 0xfd, 0x53, 0x52, 0xc4, 0xf5, 0xa6, 0x34, 0x6a, 
	0x55, 0x67, 0xe9, 0x6c, 0xca, 0x9f, 0x2a, 0xd5, 0xf9, 0xf2, 
	0xc4, 0xe4, 0xb8, 0x33, 0x3a, 0x99, 0x4d, 0x6b, 0x5b, 0xa7, 
	0x66, 0xf6, 0xaa, 0x70, 0xb5, 0xcd, 0x97, 0x4a, 0xab, 0xf7, 
	0x66, 0x7e, 0x69, 0x6b, 0xa3, 0x8a, 0x1c, 0x37, 0xdf, 0x58, 
	0x57, 0x16, 0x4e, 0xcf, 0x53, 0xa3, 0xfe, 0x53, 0x63, 0x99, 
	0xc9, 0x44, 0xbd, 0x28, 0x96, 0x89, 0xce, 0xaf, 0x56, 0xe6, 
	0x5b, 0x63, 0xae, 0xf7, 0x9d, 0x7a, 0x91, 0x16, 0xcb, 0xe9, 
	0xc0, 0xaf, 0xf2, 0x60, 0x9a, 0x99, 0x5a, 0xab, 0x78, 0xa5, 
	0x2b, 0x67, 0xea, 0x93, 0xa6, 0x5e, 0x44, 0xcf, 0x66, 0x7e, 
	0x2c, 0xd7, 0x99, 0x39, 0xb9, 0xb1, 0x66, 0x5d, 0x16, 0x55, 
	0xad, 0xe2, 0x22, 0xaf, 0x4d, 0x5e, 0x9f, 0xec, 0xad, 0x6d, 
	0x52, 0xaf, 0x4e, 0x12, 0x73, 0x63, 0x63, 0x13, 0xc9, 0x4d, 
	0xcf, 0xe6, 0xb6, 0xb6, 0x3a, 0x8d, 0x5c, 0xac, 0x53, 0x73, 
	0x32, 0xda, 0xdb, 0x5d, 0x20, 0x31, 0x2e, 0xae, 0x6c, 0x59, 
	0x5b, 0x50, 0xd7, 0xad, 0x71, 0x59, 0x64, 0xa6, 0xc8, 0xd, 
	0x68, 0xa9, 0x2b, 0xed, 0x56, 0xca, 0x3a, 0xa5, 0xf3, 0xa2, 
	0x5e, 0x99, 0x4a, 0x95, 0xa6, 0x72, 0x45, 0x8e, 0x27, 0x6b, 
	0x33, 0x57, 0xce, 0x54, 0x37, 0xa6, 0xea, 0xef, 0x81, 0x4c, 
	0x57, 0x6f, 0x40, 0xae, 0x9a, 0x17, 0xc9, 0x46, 0xfd, 0xa2, 
	0x32, 0x7d, 0xeb, 0xf7, 0x9e, 0xa8, 0x67, 0xc3, 0x61, 0x79, 
	0x7b, 0x8c, 0x91, 0x6a, 0x69, 0xf3, 0x89, 0x1a, 0x2a, 0xdd, 
	0xd4, 0xc5, 0xb1, 0x2a, 0x75, 0x92, 0x40, 0x3c, 0x13, 0x35, 
	0x96, 0xc7, 0xb, 0x6c, 0x1d, 0x2d, 0x74, 0x66, 0xd3, 0xcd, 
	0x44, 0xed, 0x9f, 0x15, 0x4d, 0x65, 0xb1, 0xd9, 0xf7, 0x66, 
	0xbd, 0xdf, 0x53, 0xe1, 0xae, 0xa7, 0xb2, 0x22, 0x2f, 0x5c, 
	0xa9, 0x63, 0x73, 0xac, 0xe6, 0x3a, 0xbe, 0x5e, 0x56, 0x45, 
	0x93, 0x27, 0x91, 0xcd, 0xf4, 0xd2, 0x4c, 0x54, 0x53, 0xa5, 
	0x7, 0xfb, 0x37, 0x10, 0x69, 0x20, 0xea, 0x43, 0x69, 0x96, 
	0xfb, 0x87, 0x77, 0x66, 0x56, 0xa6, 0x34, 0xba, 0x9e, 0x28, 
	0xff, 0xfb, 0x58, 0xfd, 0xaa, 0xfa, 0x25, 0xde, 0x8d, 0x2, 
	0xdf, 0x42, 0x37, 0xa9, 0x8c, 0xea, 0xa2, 0x6c, 0x9, 0xdb, 
	0xbe, 0x3e, 0x51, 0xf, 0x17, 0x4f, 0xf8, 0xf7, 0x23, 0xe2, 
	0xe7, 0x45, 0x95, 0x98, 0x2a, 0xaa, 0x74, 0x62, 0x1b, 0xd7, 
	0xe, 0xfe, 0xaa, 0xa6, 0x3, 0x2f, 0x14, 0x8, 0x47, 0x44, 
	0xac, 0x12, 0x5d, 0xeb, 0x68, 0x59, 0xe8, 0x3a, 0xc6, 0x7a, 
	0xb5, 0xa9, 0x4e, 0x56, 0x75, 0x5d, 0xba, 0xc9, 0x60, 0x30, 
	0x17, 0xb, 0x80, 0x7c, 0x97, 0xb0, 0x80, 0xfe, 0xce, 0x8c, 
	0x7e, 0x5c, 0x64, 0x3, 0xb9, 0x56, 0xda, 0x6d, 0xf2, 0x58, 
	0xb9, 0x2a, 0x3e, 0x19, 0xc, 0x96, 0x71, 0xff, 0xe7, 0x65, 
	0xd1, 0xd7, 0xb5, 0x7f, 0xd6, 0xff, 0xe0, 0x66, 0xd8, 0x4c, 
	0x36, 0xc1, 0x85, 0x58, 0xe1, 0x83, 0x69, 0x62, 0x6f, 0x94, 
	0x4d, 0x4e, 0xf6, 0x5c, 0xad, 0x6b, 0xb7, 0xa7, 0x84, 0x96, 
	0x93, 0x3d, 0x18, 0x9f, 0xa5, 0xb2, 0x27, 0x7a, 0xee, 0x8a, 
	0xb4, 0xa9, 0xcd, 0x31, 0x99, 0x1d, 0x1e, 0xa7, 0x66, 0x51, 
	0xe3, 0xd7, 0xe, 0xbb, 0xeb, 0x15, 0x8c, 0xf6, 0x38, 0x2e, 
	0xd2, 0xa2, 0x9a, 0xcc, 0x53, 0x8c, 0x1f, 0xb7, 0x6c, 0x3f, 
	0x5, 0x7f, 0x77, 0x79, 0xc6, 0x8, 0xac, 0x6a, 0x80, 0x2d, 
	0x3b, 0x6e, 0x67, 0x6a, 0x6d, 0xf3, 0xa4, 0x58, 0xf7, 0x8b, 
	0x3c, 0x2d, 0x74, 0x72, 0xb2, 0x68, 0xf2, 0x98, 0x1b, 0x1f, 
	0x1c, 0xaa, 0x5f, 0x20, 0x70, 0x57, 0x2b, 0x21, 0xec, 0x4, 
	0xfe, 0xd4, 0x64, 0x90, 0x7e, 0x7f, 0x69, 0xea, 0xbf, 0xa5, 
	0x86, 0x97, 0x2f, 0x36, 0xe7, 0xc9, 0xc1, 0xbe, 0x3c, 0x86, 
	0x6, 0x17, 0xa6, 0x8e, 0x57, 0x7, 0xfb, 0x3, 0x5d, 0xda, 
	0x1, 0xc7, 0x1a, 0xc, 0xf6, 0x21, 0xab, 0xfc, 0xa0, 0x32, 
	0x4e, 0x9d, 0xcc, 0xa0, 0x4e, 0x7, 0x9, 0x70, 0xe5, 0xbb, 
	0xe3, 0xb2, 0x4d, 0x91, 0x9a, 0x3e, 0xfc, 0x89, 0x63, 0x87, 
	0xc7, 0xb2, 0x64, 0xdf, 0xe6, 0xb9, 0xa9, 0x5e, 0x5d, 0xbd, 
	0x79, 0x7d, 0xf2, 0x8f, 0x57, 0xb6, 0x86, 0xc2, 0xfe, 0xfc, 
	0xb, 0x97, 00, 0xbb, 0xee, 0xd7, 0x7f, 0x40, 0x71, 0x87, 
	0xfd, 0x58, 0x73, 0x4b, 0x53, 0x55, 0xb2, 0x8c, 0x27, 0xb4, 
	0x2f, 0x2, 0xec, 0x27, 0xf0, 0xdf, 0x54, 0x6f, 0x4e, 0xf6, 
	0x73, 0x3a, 0xc8, 0xb1, 0x6a, 0xf7, 0xc0, 0xe4, 0xa2, 0xe2, 
	0x2b, 0x87, 0xc7, 0xbf, 0xe2, 0xdf, 0xf1, 0x83, 0x4e, 0x21, 
	0xf, 0xa6, 0x74, 0x8a, 0x99, 0xe8, 0x23, 0x4e, 0xb5, 0x73, 
	0x27, 0xbb, 0x46, 0x27, 0xe3, 0xb3, 0xa9, 0xae, 0x6a, 0x1b, 
	0xc3, 0x56, 0xa6, 0xab, 0xd1, 0x67, 0x22, 0x7, 0xf4, 0x3c, 
	0xa, 0x2f, 0xd7, 0x36, 0x33, 0xb3, 0xf1, 0x70, 0xfc, 0x34, 
	0x1a, 0x3e, 0x8f, 0x46, 0x8f, 0x89, 0x1d, 0x18, 0x98, 0xc2, 
	0x55, 0xf2, 0xd9, 0x16, 0x60, 0xd4, 0x39, 0x28, 0x76, 0x71, 
	0x3, 0xc2, 0xf8, 0xc0, 0x3f, 0xc6, 0xd3, 0x23, 0x95, 0xd9, 
	0x1c, 0x42, 0xd4, 0x89, 0x3a, 0x18, 0x8d, 0x8f, 0x9e, 0xaa, 
	0x35, 0x54, 0xeb, 0xe, 0xdb, 0x69, 0x5a, 0xd5, 0x70, 0xa, 
	0x60, 0xcf, 0x4f, 0x30, 0x82, 0xfc, 0x5a, 0xad, 0x2a, 0xb3, 
	0xe8, 0xc, 0x77, 0x69, 0xeb, 0x55, 0x33, 0x17, 0x2b, 0xbd, 
	0x83, 0x62, 0x83, 0x39, 0x64, 0x3e, 0xa8, 0x2b, 0x63, 0x6, 
	0x99, 0xb6, 0xf9, 0x20, 0x30, 0x3b, 0x28, 0xab, 0xe2, 0x83, 
	0x89, 0x6b, 0x37, 0xd8, 0x71, 0xd4, 0x2c, 0x51, 0x82, 0x75, 
	0x84, 0x9d, 0xa6, 0x8a, 0xd, 0xb0, 0xa0, 0x52, 0xf5, 0xa, 
	0x98, 0x43, 0x39, 0xed, 0xcd, 0x9c, 0x8c, 0x4e, 0x7, 0x7a, 
	0xa6, 0x7e, 0x9b, 0x98, 0xbd, 0xcf, 0xa3, 0xc6, 0x3a, 0xd7, 
	0x18, 0x37, 0xc8, 0xcd, 0xfa, 0xaf, 0xb5, 0xc9, 0xa0, 0xc4, 
	0xda, 0x9c, 0xc4, 0x45, 0x55, 0x19, 0x31, 0x4b, 0x7, 0x3a, 
	0x1e, 0x79, 0x3a, 0xfe, 0xeb, 0xac, 0x1b, 0xfd, 0xef, 0x89, 
	0xa, 0xda, 0xf8, 0x6a, 0x3c, 0xd4, 0xf8, 0x1f, 0x34, 0x82, 
	0xab, 0x22, 0xf, 0x43, 0x5b, 0xbd, 0xe0, 0x86, 0x9a, 0xd9, 
	0xeb, 0xf8, 0x69, 0xe6, 0x99, 0xad, 0xd5, 0x76, 0xb9, 0xbd, 
	0x19, 0xa0, 0x87, 0x68, 0x2d, 0xb4, 0x90, 0x25, 0xef, 0x33, 
	0x53, 0x9b, 0x2d, 0xc5, 0xb5, 0xef, 0xe1, 0x57, 0x6b, 0x2f, 
	0x20, 0x1, 0xf6, 0x82, 0x51, 0xa5, 0x53, 0xc0, 0xf3, 0xe7, 
	0x19, 0x48, 0x47, 0xc6, 0x99, 0xbc, 0x79, 0x9e, 0x89, 0x34, 
	0xbd, 0xc5, 0xc8, 0x8f, 0xd5, 0x88, 0xf8, 0x50, 0x42, 0x84, 
	0x80, 0xd4, 0xd9, 0x85, 0xff, 0xd, 0x11, 0x8b, 0x50, 0x1f, 
	0x86, 0xf1, 0x40, 0xc2, 0x4a, 0xe7, 0xf1, 0xa, 0x7a, 0xd1, 
	0x15, 0x2, 0x89, 0x9e, 0x9b, 0xf4, 0xe4, 0x54, 0x6, 0x66, 
	0xf, 0x3d, 0x17, 0xb0, 0xc5, 0x2b, 0xaa, 0x2c, 0xd8, 0x31, 
	0x23, 0x86, 0xf0, 0x91, 0xa8, 0x45, 0x55, 0x64, 0x20, 0x6e, 
	0x1b, 0x2e, 0x54, 0xd5, 0xe4, 0x39, 0xc9, 0x17, 0xa2, 0x93, 
	0x2d, 0xd1, 0x64, 0xbe, 0xaf, 0xde, 0xe8, 0x7c, 0x3, 0xf5, 
	0x43, 0xbb, 0x88, 0x3e, 0x85, 0x6a, 0xe9, 0xe9, 0x94, 0xec, 
	0x8, 0x4e, 0x71, 0x5a, 0x34, 0x89, 0x28, 0x7a, 0x71, 0xad, 
	0x11, 0x1b, 0x13, 0x28, 0x12, 0xcc, 0xbd, 0xb1, 0x5a, 0x7d, 
	0x5f, 0xac, 0x6d, 0x9a, 0x8a, 0xb9, 0xd0, 0x90, 0x56, 0x41, 
	0x56, 0xd0, 0x3, 0x6f, 0x33, 0xd3, 0x7f, 0x70, 0xbe, 0x50, 
	0x9b, 0xa2, 0x51, 0x6b, 0x20, 0xae, 0x72, 0x88, 0x74, 0xca, 
	0x6c, 0xc0, 0xa6, 0xce, 0x93, 0x4d, 0xf, 0x81, 0xd6, 0xc4, 
	0xd7, 0xaa, 0x68, 0xea, 0x8f, 0x37, 0xbe, 0x7, 0xd2, 0xde, 
	0xd6, 0x6c, 0xe1, 0x8d, 0xeb, 0x37, 0xc, 0x7b, 0xb0, 0x37, 
	0xc3, 0x64, 0x85, 0x2b, 0xc7, 0xe0, 0x8a, 0x7f, 0xd9, 0x46, 
	0xcd, 0x25, 0xb6, 0xeb, 0x59, 0x5f, 0xc1, 0x36, 0xdb, 0x80, 
	0x4b, 0x69, 0x49, 0x74, 0x5d, 0x5b, 0x7, 0xd1, 0x25, 0x18, 
	0xb2, 0x8, 0xd5, 0xfd, 0xa0, 0xa1, 0x2d, 0x26, 0xcf, 0x5e, 
	0x74, 0x97, 0x9d, 0x9e, 0xb6, 0x4f, 0x3f, 0x5f, 0x55, 0xd3, 
	0x72, 0xf6, 0x92, 0x33, 0x40, 0x40, 0x53, 0x42, 0xf2, 0x5, 
	0x24, 0x62, 0x90, 0x61, 0xa8, 0xbc, 0x58, 0xf7, 0xd4, 0xb9, 
	0x5a, 0xe9, 0x1b, 0xa3, 0xe6, 0xc6, 0x30, 0x25, 0x48, 0x53, 
	0xda, 0x2e, 0x24, 0x78, 0x4f, 0x53, 0xce, 0x6b, 0x76, 0x81, 
	0xd0, 0x9c, 0x27, 0xcc, 0xf, 0xa0, 0x6a, 0x89, 0xdf, 0x7d, 
	0x75, 0xee, 0xf3, 0x8d, 0x74, 0xc3, 0xb5, 00, 0xff, 0x1b, 
	0xe5, 0x74, 0x7a, 0x3, 0xf3, 0x83, 0xa7, 0x83, 0xeb, 0xb9, 
	0xae, 0x11, 0xda, 0x2c, 0x57, 00, 0x11, 0x7b, 0x8b, 0xa6, 
	0x6e, 0xa0, 0x3c, 0xd5, 0x8a, 0x50, 0x1d, 0x9c, 0xd7, 0xfb, 
	0x24, 0xa5, 0x86, 0xf2, 0xa0, 0x5a, 0xec, 0xcd, 0x75, 0xf0, 
	0x38, 0x83, 0x78, 0xe, 0x7b, 0x6a, 0xe, 0xed, 0xc0, 0xa1, 
	0x20, 0x25, 0xee, 0xf0, 0x11, 0x59, 0x42, 0xfc, 0xb2, 0xc0, 
	0x1e, 0x90, 0x38, 0xcc, 0x42, 0xe9, 0xe4, 0x6, 0x22, 0x31, 
	0x9, 0x8, 0x3, 0xb6, 0x35, 0x69, 0x92, 0xef, 0xd7, 0x5e, 
	0xfb, 0xb0, 0xaf, 0xb9, 0x11, 0x9a, 0x52, 0xbd, 0xde, 0xc0, 
	0x34, 0xd7, 0xab, 0x2, 0x4, 0x1b, 0x44, 0xea, 0x8d, 0xa2, 
	0x19, 0xf9, 0xc5, 0x30, 0xd, 0xa8, 0xd3, 0x20, 0xe7, 0x2b, 
	0xd6, 0x34, 0x59, 0xc9, 0xad, 0xf0, 0xbc, 0x5e, 0xa9, 0x1f, 
	0x2e, 0x5f, 0xa8, 0x33, 0x61, 0x5e, 0x93, 0xa6, 0x15, 0xd1, 
	0x49, 0x68, 0xf1, 0x4c, 0x6e, 0x68, 0x57, 0xdc, 0x43, 0x54, 
	0x63, 0x17, 0x16, 0x22, 0xd0, 0x4e, 0xed, 0x6d, 0x89, 0xde, 
	0xa3, 0x25, 0xc0, 0xd8, 0x17, 0x4d, 0x90, 0x57, 0x52, 0x90, 
	0x3c, 0xc0, 0x93, 0x98, 0x4c, 0xd9, 0x54, 0xae, 0xa1, 0xf4, 
	0x41, 0x20, 0xb6, 0xd9, 0x10, 0xd9, 0x61, 0xb4, 0x45, 0xde, 
	0x9f, 0xe, 0x4a, 0xea, 0xf1, 0xb5, 0x46, 0x24, 0xa5, 0xf2, 
	0xf8, 0xee, 0x1a, 0x6b, 0xd7, 0xb8, 0x16, 0x70, 0x28, 0xe1, 
	0x8b, 0xde, 0xbe, 0xa1, 0x5e, 0xf0, 0x8, 0xd3, 0x5a, 0x40, 
	0xe, 0xcc, 0xab, 0x90, 0x43, 0x91, 0x96, 0xca, 0x6b, 0x40, 
	0x27, 0x4d, 0xa, 0xb1, 0xaf, 0x11, 0x3a, 0xb1, 0x6, 0xe4, 
	0xe, 0xee, 0x12, 0x79, 0x13, 0x28, 0x8c, 0x95, 0xe0, 0x8c, 
	0xc8, 0x2f, 0x75, 0xb3, 0x5c, 0xd5, 0x34, 0x61, 0x78, 0x4b, 
	0x4f, 0x59, 0x4, 0x70, 0x46, 0xc, 0xbf, 0xb4, 0x32, 0xb7, 
	0x25, 0x54, 0x87, 0xb7, 0x24, 0x51, 0xa0, 0x95, 0xcf, 0xf9, 
	0x68, 0x59, 0x14, 0x6a, 0x65, 0xa9, 0x41, 0x4f, 0xc8, 0xe9, 
	0xe5, 0xf9, 0x99, 0x3a, 0x38, 0x2d, 0xcb, 0x14, 0xf6, 0x2d, 
	0x29, 0xe7, 0x25, 0xde, 0x3, 0x29, 0x31, 0x6c, 0xa6, 0x36, 
	0xcb, 0x4a, 0x73, 0x8d, 0x33, 0x5b, 0xc5, 0x8d, 0xad, 0xf, 
	0x41, 0x8c, 0x33, 0x50, 0x9f, 0x4a, 0x6d, 0x5d, 0x13, 0x53, 
	0xb6, 0x53, 0x62, 0x3f, 0x85, 0x64, 0x20, 0xc8, 0xce, 0x31, 
	0xb2, 0x77, 0xf1, 0xc3, 0x8f, 0xa7, 0x7b, 0x70, 0xee, 0x20, 
	0x40, 0x10, 0x82, 0xd, 0xe9, 0xe7, 0x76, 0xe1, 0xa3, 0x9, 
	0xd3, 0x5d, 0x3c, 0x34, 0x8e, 0x8f, 0xcd, 0x6d, 0x4c, 0xdc, 
	0xe4, 0x73, 0xc8, 0x2c, 0x6b, 0xe2, 0x15, 0x11, 0x82, 0x4f, 
	0x1, 0x11, 0xcc, 0x34, 0x21, 0xd5, 0xd2, 0x14, 0x74, 0xe, 
	0x31, 0x81, 0xdc, 0x10, 0xb9, 0x90, 0x59, 0x55, 0x2d, 0xcf, 
	0x99, 0xb8, 0xf0, 0x6, 0x96, 0x61, 0xfc, 0xf4, 0xb5, 0x81, 
	0xbd, 0x5c, 0xc3, 0x83, 0xf2, 0x10, 0xc1, 0x8c, 0xad, 0xd4, 
	0x22, 0x65, 0xfe, 0x1c, 0xaf, 0x6c, 0xe9, 0xbc, 0xe1, 0x9e, 
	0xab, 0x85, 0xad, 0x1c, 0xe5, 0x9, 0x6a, 0x74, 0x5c, 0x15, 
	0xce, 0xc9, 0x6a, 0x4a, 0x2f, 0x6a, 0x62, 0x23, 0x84, 0x4a, 
	0x71, 0xfd, 0x1d, 0x6, 0x78, 0xa6, 0xab, 0xd4, 0xe7, 0xda, 
	0x44, 0xd, 0xc5, 0x28, 0xa0, 0xf4, 0x7c, 0x17, 0x9b, 0x5a, 
	0x68, 0xfa, 0xa0, 0x37, 0xb1, 0x9f, 0xdc, 0xcf, 0x4d, 0x3d, 
	0x40, 0x2a, 0xf0, 0x78, 0x30, 0x1c, 0xf, 0x86, 0x4f, 0x6, 
	0x58, 0x3a, 0x2, 0xa6, 0xd1, 0x31, 0x90, 0x5f, 0x93, 0x98, 
	0x28, 0xb3, 0xd8, 0x95, 0xc8, 0x53, 0xd1, 0xb7, 0xab, 0x8, 
	0x32, 0x88, 0x60, 0xa5, 0xd1, 0xbc, 0xd9, 0x44, 0xd6, 0x45, 
	0x3a, 0xae, 0x1b, 0xfa, 0x6e, 0x84, 0x21, 0x5d, 0x65, 0x88, 
	0x3b, 0x55, 0x6d, 0x6e, 0xa3, 0x6c, 0x38, 0x10, 0x38, 0x6b, 
	0x17, 0xb, 0x9c, 0xdd, 0x5b, 0x4c, 0x4, 0x2a, 0x26, 0xdf, 
	0x6c, 0x3a, 0x98, 0xf3, 0x32, 0xfa, 0x67, 0x43, 0x81, 0xc7, 
	0x30, 0x4b, 0xba, 0x47, 0x50, 0xe9, 0xe9, 0xbb, 0x37, 0xc, 
	0x8f, 0xdc, 0xe0, 0xcd, 0xf0, 0x3f, 0xfc, 0x6a, 0xae, 0x35, 
	0xed, 0xb7, 0x14, 0x39, 0xf7, 0x2c, 0x5b, 0x1b, 0x6f, 0xa1, 
	0x29, 0xa0, 0x12, 0xd4, 0xee, 0x57, 0xd5, 0x6a, 0x61, 0xd6, 
	0x5b, 0x33, 0xbf, 0xf8, 0xf1, 0xf1, 0x18, 0xe, 0xe8, 0xf0, 
	0x5c, 0x20, 0xa1, 0x87, 0xb0, 0x99, 0xb6, 0x6a, 0xf3, 0xb0, 
	0x95, 0xd8, 0xc5, 0xc2, 0x54, 0xc4, 0xde, 0xac, 0x48, 0x4c, 
	0xea, 0xf8, 0x94, 0x73, 0xfd, 0x53, 0x6e, 0xea, 0xa8, 0xa0, 
	0x4c, 0xe7, 0xcd, 0x82, 0x12, 0xa9, 0x10, 0x91, 0x55, 0x87, 
	0x4b, 0xf0, 0x2, 0x38, 0x68, 0x2c, 0xc8, 0x90, 0x14, 0x78, 
	0xc7, 0x8, 0xca, 0x18, 0x4, 0x3f, 0x47, 0xed, 0x51, 0xff, 
	0x73, 0xb, 0xcf, 0x29, 0x80, 0xce, 0x71, 0xd1, 0x83, 0xf5, 
	0xb, 0xf6, 0xd0, 0xf2, 0x98, 0xe0, 0xd2, 0xf2, 0x5, 0x9, 
	0x2b, 0x22, 0xc7, 0x39, 0xd1, 0x4a, 0x2, 0x14, 0xf6, 0xf6, 
	0x56, 0x2, 0x9b, 0x85, 0xb3, 0x13, 0x89, 0x88, 0x48, 0x48, 
	0xc8, 0xae, 0xc1, 0xb, 0x5e, 0x42, 0xb5, 0x66, 0x97, 0xb9, 
	0x77, 0x4a, 0xb0, 0x42, 0x6b, 0x71, 0x62, 0xdd, 0xbd, 0x36, 
	0x64, 0x72, 0x6b, 0x41, 0xfd, 0x30, 0x9, 0xaf, 0xcc, 0x1b, 
	0x18, 0xf, 0x3c, 0xe5, 0x4f, 0x22, 0x57, 0x1f, 0x53, 0xd6, 
	0xf0, 0x69, 0xa8, 0x17, 0x15, 0x22, 0xfe, 0x61, 0x79, 0xcc, 
	0x8e, 0x8, 0x68, 0xb3, 0xf7, 0x74, 0x76, 0xea, 0x6b, 0x6d, 
	0x54, 0x78, 0x20, 0x48, 0xd7, 0xc5, 0x9b, 0x4f, 0xbd, 0xf9, 
	0x45, 0xd1, 0x47, 0x82, 0x1f, 0x9c, 0x82, 0x91, 0xf, 0x35, 
	0x17, 0xb9, 0x9b, 0xc6, 0x50, 0xc4, 0x8c, 0x5e, 0xac, 0xce, 
	0x8e, 0x9e, 0x8c, 0x5f, 0x8e, 0x9e, 0x4e, 0x7, 0x32, 0xd4, 
	0x83, 0xc, 0x2c, 0xfc, 0x13, 0xe0, 0x46, 0xf9, 0xdd, 0x10, 
	0x55, 0x57, 0x26, 0x2d, 0x81, 0x98, 0xfd, 0x80, 0x79, 0xc8, 
	0x55, 0xea, 0x1a, 0x51, 0x6, 0x6a, 0xa2, 0x1c, 0x39, 0xa4, 
	0xdb, 0x5, 0x61, 0xb, 0x2f, 0x87, 0xc3, 0xf1, 0x69, 0xb7, 
	0x1a, 0xe5, 0xeb, 0x9d, 0xad, 0x2c, 0x84, 0x3d, 0xed, 0xa3, 
	0xa7, 0x30, 0xb1, 0xeb, 0x59, 0x70, 0xac, 0x72, 0x53, 0xc4, 
	0x9, 0x83, 0xfc, 0xac, 0xdc, 0xbc, 0x3d, 0xfb, 0x86, 0x2c, 
	0xf4, 0x76, 0x30, 0x52, 0x90, 0x91, 0x42, 0xf6, 0xce, 0xc0, 
	0x7d, 0xc7, 0x4f, 0xae, 0x25, 0x1c, 0xac, 0x3, 0x70, 0x3c, 
	0xbe, 0xa6, 0x69, 0xbd, 0x3b, 0x7d, 0xe3, 0x23, 0xbe, 0xb9, 
	0x45, 0x45, 0xdd, 0xfa, 0x8e, 0x91, 0x18, 0xc4, 0x35, 0x2, 
	0xd1, 0x12, 0xae, 0x52, 0x7b, 0x6d, 0x10, 0x32, 0xef, 0x33, 
	0xf0, 0xe2, 0x9e, 0x38, 0x98, 0x6c, 0x5, 0x57, 0xc5, 0x5c, 
	0x91, 0xca, 0xd6, 0xa8, 0x29, 0xdb, 0xfe, 0xd4, 0x35, 0x25, 
	0x75, 0xbd, 0xc8, 0xc1, 0xd1, 0x64, 0x34, 0xeb, 0x54, 0xb8, 
	0xc8, 0x27, 0xa3, 0xa0, 0xae, 0x45, 0x51, 0xd4, 0xe0, 0xc6, 
	0xa0, 0x36, 0x5e, 0x28, 0xf8, 0xb0, 0x61, 0x3d, 0x16, 0x71, 
	0x4, 0x3, 0xb3, 0x91, 0xd7, 0x19, 0xd6, 0x99, 0x5, 0x9f, 
	0xbc, 0x4, 0xa0, 0x1b, 0xc6, 0xd4, 0xca, 0xc7, 0x4d, 0x7, 
	0xfc, 0x16, 0xe7, 0xd1, 0x1f, 0x41, 0x1, 0x6c, 0x7e, 0x6a, 
	0xb2, 0xd9, 0x5c, 0x27, 0xd3, 0x1, 0x7e, 0x23, 0x66, 0xd0, 
	0x7d, 0xe0, 0x96, 0xcc, 0x6d, 0xd2, 0xcd, 0x4e, 0xe0, 0x9e, 
	0xc8, 0xe2, 0x4d, 0x3a, 0x9b, 0xa6, 0x76, 0x36, 0x7e, 0xf2, 
	0xe6, 0xd5, 0xcf, 0x4, 0x5, 0x3, 0x54, 0x50, 0x40, 0x85, 
	0xe9, 00, 0xa3, 0xfe, 0xc9, 0x77, 0xf6, 0x5, 0xf7, 0x7a, 
	0x29, 0xe2, 0xbb, 0xac, 0x8b, 0xa, 0x39, 0x45, 0xf7, 0xf8, 
	0x71, 0x78, 0x7a, 0x89, 0x6a, 0xd, 0x1, 0x5, 0x22, 0xef, 
	0x1e, 0x79, 0x7c, 0x28, 0x91, 0x74, 0x94, 0xa0, 0x5e, 0xa7, 
	0x70, 0x17, 0x96, 0x6f, 0x9c, 0x1d, 0x6c, 0xcb, 0xf8, 0x70, 
	0xdf, 0x38, 0xd3, 0xf7, 0x6f, 0xd, 0x48, 0x4e, 0x39, 0xfb, 
	0x11, 0x78, 0x96, 0x1, 0x8b, 0xd3, 0xa2, 0x80, 0x5e, 0xa9, 
	0xad, 0xc2, 0xb5, 0x5c, 0x53, 0xcd, 0x8c, 0x90, 0xd7, 0xad, 
	0xe, 0x5b, 0x74, 0x60, 0x34, 0xa9, 0xbd, 0xdb, 0x8a, 0x55, 
	0xf5, 0xd5, 0x47, 0x51, 0x9, 0x90, 0xa4, 0x46, 0xc3, 0x8d, 
	0x2a, 0xd2, 0x44, 0x95, 0x2b, 0xd2, 0x22, 0xa8, 0x9, 0xb1, 
	0xa6, 0xdc, 0xc, 0x91, 0x15, 0xb1, 0x73, 0x99, 0x22, 0x14, 
	0x85, 0x5d, 0x9c, 0x28, 0x5c, 0xd0, 0x7f, 0x34, 0x1c, 0xde, 
	0x2a, 0x97, 0x16, 0x6b, 0xc1, 0x24, 0x15, 0xb0, 0xc4, 0xb7, 
	0x67, 0x56, 0x9c, 0xee, 0xa3, 0xa6, 0x8, 0x3f, 0xd5, 0x3f, 
	0xc3, 0xc4, 0xd3, 0x8d, 0xa8, 00, 0xf1, 0x5f, 0xe2, 0x54, 
	0xd7, 0xb8, 0xd9, 0x1, 0x4, 0x14, 0x55, 0xcc, 0xf2, 0x22, 
	0xa4, 0x6b, 0x36, 0x37, 0xb3, 0x6f, 0xfd, 0xad, 0xf2, 0xb7, 
	0x9d, 0xe5, 0xdc, 0x9d, 0xf5, 0xc5, 0x2e, 0x8f, 0xd4, 0x56, 
	0x53, 0xe8, 0xab, 0xae, 0x80, 0xd9, 0x29, 0xb, 0xa4, 0x1c, 
	0x10, 0xc, 0x4e, 0xac, 0xa4, 0x68, 0x31, 0x53, 0x6, 0xc8, 
	0x31, 0x33, 0x92, 0x6e, 0x68, 0xe6, 0x7b, 0x4c, 0x2e, 0x15, 
	0x11, 0xf9, 0x6e, 0x9a, 0xca, 0x92, 0xfc, 0xbe, 0x2b, 0x7b, 
	0xb0, 0x97, 0x34, 0x17, 0x4a, 0xa6, 0x28, 0xb7, 0x9e, 0xbf, 
	0xae, 0xac, 0x10, 0x40, 0x20, 0x67, 0x58, 0xc5, 0xde, 0x9f, 
	0x9d, 0xef, 0x83, 0x16, 0x8b, 0x54, 0xc8, 0xd, 0x3e, 0x40, 
	0x6, 0xd7, 0x51, 0x55, 0x23, 0xb0, 0x16, 0x55, 0xc4, 0x48, 
	0x9b, 0x41, 0x1c, 0x28, 0x31, 0x51, 0xb3, 0x9a, 0xcc, 0x6, 
	0x26, 0x3d, 0x66, 0x48, 0x18, 0x33, 0x39, 0x4a, 0x9b, 0xa4, 
	0x2a, 0xca, 0x12, 0xc9, 0x68, 0x70, 0xa8, 0x50, 0x8c, 0x78, 
	0xf3, 0x58, 0x18, 0x93, 0x8a, 0xff, 0x77, 0x79, 0x40, 0xed, 
	0xe1, 0x58, 0x8a, 0x2a, 0x84, 0x91, 0xed, 0xb2, 0x34, 0x87, 
	0xad, 0x2f, 0xb9, 0xd, 0x7b, 0x7b, 0xa9, 0x87, 0x7f, 0x93, 
	0x21, 0x21, 0x4a, 00, 0x4f, 0x8c, 0xae, 0xf7, 0xbc, 0xd2, 
	0xf5, 0x15, 0x4d, 0xba, 0x5e, 0x55, 0x48, 0x65, 0x25, 0x27, 
	0xbb, 0xd1, 0x29, 0xcb, 0xe2, 0xb2, 0x60, 0x7a, 0x85, 0x8c, 
	0x10, 0xbf, 0xa, 0xff, 0xa4, 0x32, 0x4b, 0xeb, 0x64, 0x8c, 
	0x46, 0xc5, 0xf5, 0x21, 0xca, 0x39, 0x28, 0xbb, 0x96, 0xc9, 
	0xa2, 0x94, 0xaa, 0x91, 0xc2, 0xb6, 0xaf, 0x4e, 0xa1, 0xbd, 
	0xba, 0xd6, 0x48, 0xf, 0x12, 0x1f, 0x72, 0x96, 0x10, 0xb3, 
	0x2c, 0x49, 0x70, 0x96, 0x1c, 0x27, 0x6c, 0x85, 0x51, 0xb9, 
	0xbb, 0xbb, 0x3c, 0x9c, 0x13, 0xb4, 0x67, 0x4e, 0xc5, 0x88, 
	0xa2, 0x1a, 0x53, 0x74, 0x28, 0xcb, 0xd5, 0x9b, 0x9d, 0x5c, 
	0xec, 0x43, 0x83, 0x6b, 0x38, 0xa9, 0xf7, 0x8, 0x10, 0xa, 
	0x83, 0xf4, 0xc4, 0x22, 0x43, 0x62, 0x1c, 0xe0, 0x8e, 0xc9, 
	0x36, 0x88, 0xdf, 0xe3, 0xde, 0x9b, 0x40, 0xdd, 0xa6, 0x24, 
	0x1d, 0x7e, 0xce, 0x6d, 0x94, 0xd8, 0x50, 0xa3, 0xb3, 0xee, 
	0xba, 0xa3, 0x1a, 0xce, 0x84, 0x9b, 0x4a, 0x2e, 0x2, 0x1f, 
	0x65, 0x7a, 0xc8, 0xe1, 0x8c, 0x46, 00, 0x26, 0x32, 0x8a, 
	0x9b, 0x46, 0x26, 0xa9, 0xf9, 0xdc, 0x2c, 0x88, 0xe1, 0xef, 
	0x6d, 0xf4, 0xd2, 0xa, 0x5f, 0x7f, 0xa3, 0x5b, 0x22, 0x29, 
	0xf3, 0x26, 0x90, 0x20, 0xd6, 0x29, 0x80, 0x96, 0xeb, 0xf9, 
	0x74, 0x9b, 0xb, 0xad, 0xe0, 0xec, 0xe0, 0x84, 0x5c, 0x25, 
	0xec, 0xd2, 0x2, 0xb4, 0x99, 0x93, 0x64, 0x1d, 0x7f, 0xde, 
	0xd9, 0xbc, 0xe2, 0xfc, 0xae, 0x40, 0xb0, 0x42, 0x52, 0xcd, 
	0x6d, 0x4, 0x5a, 0xd2, 0x2e, 0x9c, 0x4f, 0x72, 0x8, 0x51, 
	0x61, 0x9, 0xd8, 0x4a, 0x4a, 0x93, 0xca, 0x97, 0xd2, 0x3c, 
	0x48, 0x5b, 0xf, 0x69, 0x20, 0xd8, 0xd3, 0x54, 0xf2, 0x56, 
	0x8e, 0xb2, 0x8c, 0x81, 0x1b, 0x62, 0xfb, 0x50, 0xdd, 0xec, 
	0x4, 0x17, 0x93, 0x35, 0xec, 0x95, 0xdc, 0x59, 0x77, 0x2, 
	0x7e, 0x9f, 0x1e, 0x5d, 0xfb, 0x3b, 0x9a, 0xa2, 0x28, 0xe6, 
	0xe9, 0xd7, 0x47, 0xc3, 0x21, 0xac, 0xb2, 0x49, 0xee, 0x2e, 
	0xd6, 0x57, 0xdf, 0xe8, 0x1a, 0xa6, 0x63, 0xea, 0x35, 0x9d, 
	0xf5, 0x6e, 0x4d, 0x12, 0x8, 0x95, 0xd2, 0x5, 0xe9, 0x90, 
	0xcb, 0x90, 0x19, 0x1a, 0x12, 0xe8, 0x1, 0x2, 0x65, 0x5f, 
	0xd, 0xd, 0xa6, 0x62, 0x7f, 0x18, 0xbf, 0x7c, 0x7d, 0x7e, 
	0xa1, 0xe, 0x2e, 0xfd, 0xf2, 0xaf, 0x9, 0x42, 0xac, 0x1c, 
	0x28, 0x61, 0x75, 0x11, 0xa6, 0x1e, 0xde, 0x8b, 0x7c, 0xe3, 
	0x3b, 0x91, 0x6f, 0xfc, 0x59, 0x91, 0x6f, 0xfc, 0x51, 0xe4, 
	0x93, 0xf6, 0x6, 0x43, 0x1, 0x21, 0x5e, 0xa0, 0x49, 0xb2, 
	0xc, 0xe4, 0x1c, 0xb0, 0x3a, 0x17, 0xd0, 0x5, 0x4, 0x35, 
	0xb7, 0xea, 0x40, 0xb7, 0x18, 0x24, 0xac, 0x82, 0x6b, 0x2d, 
	0x89, 0x6, 0x6a, 0x8, 0xd8, 0x8f, 0x8e, 0xdf, 0x5e, 0x1e, 
	0xe2, 0xbd, 0x92, 0x9d, 0x20, 0x27, 0xc, 0xf9, 0xdc, 0xc0, 
	0xc7, 0x7b, 0x97, 0x7a, 0x3f, 0xa, 0xe1, 0x5e, 0x35, 0xd0, 
	0xa0, 0xad, 0x7d, 0x21, 0x99, 0x69, 0x40, 0x3, 0xfb, 0x23, 
	0x7e, 0xea, 00, 0xe2, 0x1d, 0x20, 0xf1, 0xf9, 0x4b, 0x3b, 
	0xd7, 0x19, 0x16, 0xa2, 0xf8, 0xcf, 0xf2, 0xd8, 0x2, 0x1c, 
	0x21, 0x2b, 0xd4, 0x7a, 0xd7, 0x70, 0x40, 0xaa, 0x3b, 0xed, 
	0xb2, 0x12, 0x9f, 0xb7, 0xb2, 0xc5, 0xe6, 0xfd, 0x41, 0x5a, 
	0xd3, 0x18, 0x5a, 0x7b, 0xd7, 0x5c, 0x5b, 0x26, 0x52, 0xc1, 
	0x4d, 0xc5, 0xe2, 0xe8, 0x9b, 0x44, 0x22, 0x7a, 0x6a, 0x55, 
	0xdc, 00, 0xc8, 0x9, 0xd6, 0xb6, 0xa2, 0x8d, 0x28, 0x90, 
	0xd0, 0x7f, 0x70, 0xd5, 0xc6, 0xa8, 0xce, 0x6e, 0x80, 0x4e, 
	0xad, 0xd3, 0x6c, 0x1d, 0x86, 0xdd, 0x7a, 0x68, 0xad, 0xa7, 
	0x24, 0xa1, 0x12, 0xae, 0xb0, 0xf6, 0x9a, 0x75, 0x15, 0xd, 
	0x71, 0x17, 0xe1, 0x60, 0x70, 0xa8, 0x39, 0xe9, 0x59, 0x26, 
	0xa5, 0x7e, 0x29, 0x2f, 0x91, 0x54, 0xde, 0x23, 0x23, 0x74, 
	0x98, 0x20, 0xb2, 0x2, 0xd5, 0x64, 0x2b, 0x3, 0xb0, 0x96, 
	0x76, 0x31, 0x59, 0x9a, 0x6d, 0x2c, 0xdf, 0x77, 0x69, 0xf5, 
	0xe9, 0xc6, 0xb6, 0x1d, 0xbb, 0x2, 0x61, 0x29, 0x89, 0x83, 
	0x9a, 0x99, 0xd6, 0xe8, 0xb9, 0xcd, 0x13, 0x73, 0x7b, 0x32, 
	0xc, 0x3d, 0x73, 0xdf, 0x2, 0x7f, 0xb8, 0x78, 0x86, 0xbf, 
	0xe3, 0x9d, 0xe, 0x79, 0x14, 0x1e, 0x8c, 0xbf, 0x1e, 0x3f, 
	0x1b, 0x8f, 0x8f, 0xa3, 0xac, 0xf8, 0x39, 0xc2, 0xcb, 0x91, 
	0xb3, 0x3f, 0x9b, 0xc9, 0x93, 0xe3, 0xa8, 0xd8, 0xbd, 0xdb, 
	0xb9, 0x6c, 0xdb, 0xe8, 0x72, 0x4e, 0x70, 0xb7, 0x8f, 0x3e, 
	0xc2, 0xd0, 0x4c, 0x98, 0xa, 0xb4, 0xf1, 0x68, 0xa9, 0x61, 
	0xbb, 0x18, 0x9, 0x8f, 0x1c, 0x1f, 0xc8, 0x59, 0x93, 0x5b, 
	0xf9, 0xf6, 0x6d, 0x20, 0x30, 0xf4, 0xa4, 0x27, 0x8b, 0xd4, 
	0xdc, 0x86, 0xbe, 0xae, 0x24, 0xae, 0x6a, 0x99, 0xcc, 0x55, 
	0x74, 0xa9, 0xa2, 0xb7, 0x9d, 0x5c, 0x7f, 0xa, 0xfd, 0xea, 
	0x9f, 0x78, 0x86, 0xb5, 0xbb, 0x46, 0xcb, 0xe4, 0xf3, 0xf1, 
	0xd1, 0xd7, 0xe3, 0xd9, 0x49, 0xe8, 0xfe, 0x6, 0xc9, 0x47, 
	0x57, 0xea, 0x37, 0xe6, 0x1e, 0x1d, 0x25, 0xcf, 0xe1, 0x2a, 
	0x7f, 0x3e, 0x8, 0x93, 0x2f, 0xde, 0xbe, 0xbb, 0xfa, 0xf4, 
	0xb4, 0xb6, 0xa1, 0xfc, 0x59, 0x2b, 0xfd, 0x8, 0xdb, 0x78, 
	0xf9, 0xfa, 0xf4, 0xdb, 0xcb, 0xcf, 0x58, 0xef, 0x91, 0xce, 
	0x4a, 0x69, 0xb7, 0x4b, 0xbb, 0x7a, 0xa7, 0xb9, 0xfd, 0x69, 
	0xe9, 0x88, 0xc1, 0xa8, 0x8b, 0xab, 0x1f, 0x7b, 0x34, 0x95, 
	0x7f, 0x2f, 0x86, 0xcf, 0x20, 0xf9, 0xea, 0xea, 0xc7, 0x7f, 
	0x4f, 0x6b, 0xaf, 0xd2, 0xeb, 0x9e, 0x41, 0x6e, 0xf4, 0x87, 
	0xb6, 0xd4, 0xe6, 0xd9, 0x68, 0xb1, 0x98, 0xd, 0x5b, 0xc6, 
	0xaf, 0xce, 0x2e, 0x26, 0x29, 0x38, 0x49, 0xa9, 0xd8, 0xc9, 
	0xff, 0x9b, 0x82, 0x7a, 0x39, 0x2b, 0x62, 00, 0xdd, 0x1f, 
	0x11, 0x6c, 0x3, 0x58, 0x69, 0x11, 0x4c, 0x45, 0xaf, 0x55, 
	0x54, 0xe2, 0x16, 0x75, 0x5e, 0xe4, 0xd4, 0xa7, 0x39, 0x1a, 
	0x8d, 0x9e, 0x8e, 0x87, 0xc3, 0x2f, 0xb0, 0x8f, 0xcf, 0x12, 
	0xf6, 0x1f, 0xa6, 0x1f, 0xe4, 0xc2, 0x43, 0xd9, 0x17, 0x4b, 
	0xd4, 0xe8, 0xf9, 0xb8, 0x3f, 0x3a, 0x7a, 0xd6, 0x1f, 0x3d, 
	0x1f, 0xf6, 0x47, 0xc8, 0x42, 00, 0x68, 0xbb, 0x43, 0xe3, 
	0xc1, 0xf8, 0x9, 0x83, 0x1c, 0x98, 0x1c, 0xfe, 0xb1, 0x9d, 
	0x4, 0xab, 0x1c, 0x7c, 0x2c, 0xab, 0x9b, 0xdf, 0x13, 0xd1, 
	0xd3, 0xad, 0x80, 0x10, 0xdb, 0x3e, 0xb1, 0xa5, 0x87, 0x40, 
	0xc0, 0x5b, 0x65, 0xda, 0x93, 0x85, 0x72, 0xf6, 0xf6, 0x5a, 
	0xfa, 0xf, 0x2d, 0xf4, 0x6b, 0xb5, 0x27, 0x21, 0x77, 0xaf, 
	0x4d, 0x86, 0x34, 0xeb, 0x16, 0xf6, 0xd0, 0xa5, 0x90, 0xdc, 
	0xa9, 0xe, 0xd4, 0x55, 0xb1, 0x45, 0xf3, 0x5a, 0xa7, 0xd7, 
	0xb4, 0xb8, 0xc1, 0xf9, 0x85, 0xa0, 0x6f, 0x6e, 0xd8, 0xca, 
	0xcc, 0x19, 0x61, 0x90, 0x9a, 0xc7, 0xd7, 0x2, 0xcc, 0xa1, 
	0x30, 0xcc, 0x18, 0xa2, 0x60, 0xe5, 0xcc, 0x23, 0xda, 0xae, 
	0xd7, 0x9a, 0x65, 0xe9, 0x47, 0x25, 0xf6, 0xbd, 0x53, 0x1b, 
	0x9d, 0xe8, 0x2c, 0x69, 0x72, 0xd4, 0xbf, 0x6e, 0xd0, 0xd8, 
	0xd2, 0x1f, 0x20, 0xe1, 0x22, 0x1a, 0x46, 0xcf, 0x67, 0xcd, 
	0xf9, 0x85, 0x74, 0xf5, 0xe7, 0x26, 0xd6, 0xc4, 0x7e, 0xa9, 
	0xb7, 0xda, 0xca, 0x3f, 0x3, 0x91, 0xbd, 0xae, 0xbb, 0x57, 
	0x99, 0x7f, 0x36, 0xc, 0x61, 0xa0, 0xef, 0xdd, 0xd5, 0xdb, 
	0x4b, 0x5f, 0x44, 0xc9, 0x7c, 0x4, 0xa5, 0xd, 0x3, 0x42, 
	0x1b, 0x18, 0xc2, 0xa1, 0x36, 0x2c, 0x56, 0xb2, 0xcf, 0xfe, 
	0x83, 0x73, 0x9f, 0x5d, 0xf5, 0xda, 0x16, 0x3, 0x9b, 0xb2, 
	0x8c, 0xf6, 0xce, 0x13, 0x1f, 0x2a, 0xed, 0xcc, 0xe6, 0x8, 
	0x64, 0xa9, 0x7a, 0x75, 0x75, 0x75, 0xd1, 0xd6, 0x2f, 0xe6, 
	0x16, 0xf6, 0x96, 0x9a, 0x36, 0x7b, 0x3c, 0xd, 0x2d, 0x86, 
	0xaa, 0x6e, 0x3b, 0x31, 0x92, 0xba, 0x8, 0xb6, 0x87, 0x74, 
	0x6f, 0x27, 0xd8, 0xf9, 0x72, 0x86, 0x5d, 0xe4, 0xae, 0xe9, 
	0xd2, 0x29, 0xe2, 0x51, 0x96, 0x26, 0xd5, 0xf1, 0x4a, 0xa7, 
	0x8b, 0xb6, 0xdd, 0xca, 0x54, 0xb3, 0xff, 0xe0, 0x34, 0xd0, 
	0x24, 0x59, 0x9c, 0x4, 0x31, 0xd4, 0x93, 0x25, 0x9e, 0x59, 
	0x76, 0xbe, 0x52, 0x3b, 0xaf, 0x34, 0xbb, 0xec, 0x3d, 0x5, 
	0xc9, 0x49, 0x7e, 0xe5, 0xbb, 0x47, 0xcc, 0x8f, 0x51, 0x25, 
	0x3c, 0x13, 0xa1, 0x8c, 0x8e, 0xa2, 0xb9, 0xad, 0x99, 0x94, 
	0xa0, 0x90, 0xf5, 0x69, 0x29, 0xeb, 0xe1, 0xca, 0x17, 0xa2, 
	0x62, 0x30, 0x48, 0x70, 0xb, 0xb0, 0xac, 0x11, 0x22, 0x73, 
	0x36, 0xaf, 0x5a, 0xe9, 0xf2, 0x1a, 0x69, 0xc5, 0xdb, 0x5c, 
	0xea, 0x8c, 0x15, 0xca, 0xd1, 0x1b, 0x66, 0xd8, 0x36, 0x14, 
	0x34, 0x4c, 0xa3, 0xd8, 0x8c, 0x88, 0x4d, 0xd7, 0xca, 0x68, 
	0x46, 0x47, 0xea, 0x2f, 0x5d, 0x1b, 0x83, 0xb3, 0x90, 0x12, 
	0x52, 0x4a, 0xab, 0xa2, 0x34, 0xa1, 0xd4, 0x81, 0xe3, 0x19, 
	0x27, 0x89, 0x4, 0xb3, 0xa5, 0x9e, 0x2a, 0xa4, 0xa7, 0xb8, 
	0x8f, 0xd4, 0x80, 0xa9, 0x30, 0x14, 0x6a, 0x6e, 0x63, 0x53, 
	0xfa, 0x9a, 0x63, 0x9b, 0x34, 0xc1, 0x46, 0x7e, 0x8a, 0x57, 
	0xd7, 0xae, 0xc9, 0xda, 0x34, 00, 0xc1, 0xb3, 0xc9, 0xba, 
	0xb6, 0x12, 0x76, 0xee, 0x1e, 0xb4, 0x7c, 0x74, 0xc5, 0x80, 
	0xa, 0xc7, 0xf3, 0xbe, 0xcf, 0x8d, 0xfa, 0xa6, 0x36, 0xbe, 
	0x5e, 0x59, 0xa0, 0x6a, 0x44, 0x65, 0x55, 0x9b, 0x2c, 0x94, 
	0xa4, 0x6c, 0x2f, 0x77, 0x1e, 0x91, 0x98, 0xd8, 0xb2, 0xca, 
	0x62, 0x85, 0x5a, 0x24, 0x76, 0x41, 0xef, 0xa1, 0x2c, 0x65, 
	0x45, 0x29, 0x8c, 0xd8, 0x8e, 0xa, 0x1a, 0xdb, 0x59, 0x8a, 
	0xf3, 0x99, 0xc7, 0x61, 0xaa, 0x7f, 0x41, 0xba, 0x3e, 0x34, 
	0x14, 0xf6, 0x42, 0x42, 0x22, 0x25, 0xdd, 0xa0, 0x4d, 0xe8, 
	0x15, 0x4b, 0x65, 0xb1, 0xdb, 0x8c, 0xb, 0x5c, 0xa1, 0x66, 
	0x4a, 0x3b, 0xb6, 0xa4, 0x91, 0xd8, 0x26, 0x77, 0x4e, 0x6f, 
	0x42, 0xbf, 0xc5, 0x37, 0x48, 0xa5, 0x37, 0xed, 0x78, 0x29, 
	0xf4, 0x4a, 0xf5, 0x84, 0xd5, 0x7c, 0x2f, 0x5b, 0xbb, 0xeb, 
	0xdd, 0x4e, 0x40, 0xd7, 0x33, 0x88, 0xd8, 0x2e, 0x98, 0xbd, 
	0x68, 0x6f, 0xa5, 0x7b, 0xb0, 0x3d, 0x76, 0xba, 0x33, 0xeb, 
	0x8b, 0x3a, 0x1, 0xec, 0x21, 0xa1, 0x74, 0x91, 0xf7, 0x98, 
	0x30, 0x7e, 0xce, 0xd9, 0xe0, 0xbd, 0x42, 0xae, 0xaf, 0xde, 
	0x1b, 0x3a, 0xbc, 0xdd, 0x9e, 0x34, 0x31, 0x2d, 0x17, 0xdf, 
	0xe4, 0xba, 0x7d, 0x75, 0x81, 0x55, 0x58, 0x41, 0x15, 0xd7, 
	0xea, 0x5f, 0xa3, 0xfe, 0xd3, 0xe0, 0x2a, 0x4f, 0x87, 0x5f, 
	0x85, 0x84, 0x18, 0x5, 0xa3, 0x73, 0xe1, 0xe0, 0xc6, 0x59, 
	0x3a, 0xae, 0x1c, 0x37, 0xfb, 0x37, 0xe4, 0xc0, 0x74, 0x3c, 
	0x94, 0xa, 0x8c, 0xcd, 0x18, 0x39, 0xa3, 0xa1, 0x34, 0x81, 
	0xa3, 0x73, 0x9d, 0x4, 0xd1, 0x76, 0x96, 0xb0, 00, 0xd1, 
	0x9b, 0x5e, 0x50, 0x41, 0x2b, 0x56, 0x1e, 0x30, 0x79, 0x69, 
	0xa7, 0x86, 0x5a, 0xf1, 0x96, 0x51, 0x75, 0xf8, 0xf0, 0xaa, 
	0x75, 0x18, 0x69, 0xd, 0x54, 0x5, 0xb8, 0xcc, 0x7c, 0xe7, 
	0xb2, 0xab, 0x4a, 0x43, 0xbd, 0x24, 0x6, 0x65, 0x42, 0xf6, 
	0xed, 0xad, 0xb, 0x71, 0x48, 0x6c, 0x61, 0xc5, 0x86, 0x81, 
	0x64, 0xec, 0x2b, 0x24, 0x75, 0x1e, 0x17, 0xc4, 0x2d, 0xbc, 
	0xe1, 0x8, 0x5f, 0xb4, 0x75, 0x7f, 0xd8, 0x22, 0x67, 0xfc, 
	0x52, 0x9b, 0xa0, 0x52, 0x32, 0xc2, 0x38, 0x34, 0x68, 0xe4, 
	0xeb, 0x22, 0xec, 0xca, 0xa, 0xb1, 0xe, 0x85, 0x6c, 0xb, 
	0x4, 0x1e, 0x93, 0xd8, 0xd7, 0x60, 0x39, 0x41, 0xb9, 0xac, 
	0x64, 0x11, 0x87, 0x14, 0xca, 0xca, 0x51, 0x8c, 0xc8, 0xd5, 
	0xd6, 0x7d, 0x39, 0xa2, 0x43, 0xb9, 0x57, 0x34, 0x4e, 0x68, 
	0x87, 0xe2, 0x43, 0x67, 0x77, 0x37, 0xa7, 0x97, 0x66, 0x95, 
	0x75, 0xa1, 0x30, 0x6c, 0x65, 0x46, 0xb6, 0x43, 0x6b, 0x49, 
	0xfd, 0x6b, 0x3c, 0xfc, 0xce, 0xbe, 0x18, 0x84, 0xc0, 0x1, 
	0xe8, 0xda, 0xf7, 0x35, 0xd2, 0x7d, 0x66, 0x3e, 0x2, 0x34, 
	0x51, 0x7e, 0xa, 0xc3, 0xa, 0x80, 0x15, 0xa, 0x59, 0x9, 
	0x7e, 0xa1, 0xbf, 0xea, 0xab, 0x52, 0xdf, 0xa3, 0xef, 0xaa, 
	0x9e, 0xf9, 0x6, 0xb2, 0x98, 0x6f, 0xe4, 0x77, 0xff, 0xc1, 
	0xfb, 0x2e, 0x4c, 0x42, 0xa4, 0x65, 0xc9, 0x99, 0x8f, 0xaf, 
	0x7d, 0x63, 0xf1, 0xdd, 0xe9, 0x1b, 0x9, 0x1d, 0xa9, 0x1c, 
	0xe, 0xd6, 0xab, 0xd0, 0xd6, 0xd7, 0xd2, 0x6b, 0xd1, 0x4a, 
	0x34, 0x32, 0x6f, 0xd8, 0x82, 0xe5, 0xb4, 0x98, 0xbd, 0x90, 
	0xd0, 0xa1, 0xef, 0xfa, 0x11, 0x2b, 0x29, 0xb8, 0x79, 0x54, 
	0x6a, 0xfc, 0x61, 0x68, 0xe6, 0xfb, 0x2d, 0x5d, 0x78, 0x28, 
	0x61, 0xde, 0xaa, 0xfd, 0x54, 0x86, 0x32, 0x95, 0x52, 0x1f, 
	0xd9, 0x3, 0x39, 0xa8, 0x6c, 0xed, 0xdb, 0x27, 0x73, 0x7e, 
	0x9f, 0x62, 0xc4, 0x3c, 0x61, 0x29, 0xf4, 0x25, 0xb6, 0x7d, 
	0x5c, 0xac, 0x49, 0x6f, 0x6b, 0x60, 0xdf, 0x4b, 0x7b, 0xc0, 
	0x17, 0x65, 0x6c, 0xda, 0x63, 0x31, 0xe9, 0xe1, 0xcc, 0xef, 
	0x38, 0xf4, 0x9f, 0x82, 0xa7, 0x48, 0x33, 0x81, 0xb0, 0x34, 
	0x1e, 0x66, 0xd2, 0x1e, 0xfd, 0xd, 0x3f, 0x61, 0x38, 0xf4, 
	0x5e, 0x42, 0xa7, 0x10, 0x4a, 0x42, 0x47, 0xf2, 0x8, 0x2f, 
	0xd1, 0xf0, 0x2, 0x72, 0xf9, 0xe2, 0x3d, 0x94, 0xf0, 0xdb, 
	0x2e, 0x43, 0xc0, 0x42, 0xc8, 0xb1, 0xcd, 0xa, 0x62, 0x1e, 
	0xc7, 0x7a, 0x1e, 0x13, 0xe9, 0x17, 0xb4, 0x15, 0x28, 0x4b, 
	0x25, 0xd7, 0xbe, 0xb0, 0x15, 0xaa, 0xf, 0x48, 0x85, 0x34, 
	0x9f, 0x19, 0xb, 0x72, 0xa9, 0x10, 0x69, 0x92, 0x55, 0x51, 
	0x8, 0xb4, 0x2, 0x40, 0x42, 0x50, 0x27, 0xae, 0x39, 0xef, 
	0xd, 0xe1, 0x68, 0x99, 0x1f, 0x7e, 0x71, 0xd, 0x89, 0x2d, 
	0xd5, 0xc6, 0x9f, 0x6e, 0x32, 0xf7, 0x92, 0xa, 0x31, 0xe7, 
	0xa1, 0xee, 0x1c, 0xb8, 0xc5, 0x90, 0xc5, 0x8e, 0x47, 0x1e, 
	0x6f, 0x84, 0x71, 0xea, 0xbd, 0x71, 0xfc, 0xc8, 0xcc, 0x4b, 
	0xf6, 0x4e, 0x8d, 0xe8, 0xab, 0xb5, 0xd9, 0x1b, 0x6f, 0x73, 
	0xec, 0x69, 0xc1, 0x36, 0xdb, 0x3f, 0x3f, 0x30, 0x10, 0x5f, 
	0x82, 0x15, 0xa5, 0xde, 0xf9, 0x27, 0xfe, 0xe6, 0x2b, 0xca, 
	0x90, 0xf, 0x1f, 0xa8, 0xed, 0x1f, 0xd4, 0x3b, 0x97, 0xaf, 
	0x26, 0xed, 0xdd, 0xd3, 0x11, 0x82, 0xe5, 0x8b, 0xf6, 0xe, 
	0x59, 0xe6, 0x77, 0xfe, 0x66, 0x3c, 0xec, 0x3f, 0x1b, 0x7f, 
	0xb5, 0xfb, 0x9e, 0x22, 0x81, 0xdd, 0x7b, 0xa3, 0xc7, 0xcf, 
	0x86, 0xdb, 0xf7, 0xd4, 0xe3, 0xf6, 0xbd, 0x27, 0x4f, 0xfa, 
	0xcf, 0xf1, 0xde, 0xdd, 0x14, 0xd1, 0x7f, 0x6, 0x20, 0x46, 
	0x22, 0x47, 0x8c, 0x5d, 0x10, 0x87, 0x2f, 0xeb, 0x4d, 0xf0, 
	0xab, 0xb6, 0x53, 0xde, 0xa9, 0x8e, 0x56, 0xbf, 0xef, 0x9b, 
	0xe5, 0xf7, 0xd4, 0xda, 0xe5, 0x3e, 0xce, 0x57, 0xfc, 0x3a, 
	0xa4, 0x10, 0xe1, 0xbc, 0xa4, 0xd7, 0x25, 0xa1, 0xbe, 0x8f, 
	0x97, 0x27, 0x2, 0xb3, 0x74, 0xaf, 0x83, 0x67, 0xc3, 0xaf, 
	0xe, 0xb9, 0x92, 0xf3, 0x5d, 0x7d, 0x25, 0xdf, 0xf9, 0x79, 
	0xdc, 0xed, 0xba, 0x2e, 0x73, 0xd3, 0x6a, 0x9c, 0x21, 0x8e, 
	0xc7, 0x47, 0x61, 0xfb, 0x77, 0x46, 0x3a, 0xc2, 0xd2, 0xdf, 
	0x75, 0xdd, 0x19, 0xa4, 0x33, 0x26, 0x20, 0xf5, 0x47, 0x16, 
	0x43, 0x53, 0xa2, 0x55, 0xa, 0xeb, 0x3c, 0x90, 0xc3, 0xf3, 
	0xee, 0x90, 0x15, 0x99, 0xd5, 0x4e, 0xcf, 0x9d, 0x1b, 0xb, 
	0xb9, 0x5a, 0xbe, 0x3, 0xb3, 0xb1, 0xf7, 00, 0x1f, 0xaf, 
	0x7a, 0xdd, 0x66, 0xb4, 0x3b, 0xa6, 0xbd, 0x7e, 0x1c, 0xa5, 
	0x3e, 0x4b, 0x78, 0xe6, 0x7a, 0xed, 0xa7, 0x26, 0x5d, 0x66, 
	0x24, 0x7d, 0xbb, 0xb3, 0x70, 0x66, 0xd0, 0x1d, 0x76, 0xfe, 
	0x9d, 0x5b, 0x50, 0xdc, 0x70, 0xfe, 0xde, 0xe, 0xaa, 0xf0, 
	0xc3, 0x36, 0x5, 0xbf, 0x6, 0x95, 0x89, 0x6f, 0xbb, 0x86, 
	0xae, 0x20, 0x45, 0x9e, 0x37, 0xd2, 0x7b, 0x84, 0x4, 0x98, 
	0x93, 0x19, 0x36, 00, 0x3, 0x98, 0xf0, 0xab, 0x2b, 0x4f, 
	0xe8, 0x1, 0xbc, 0x30, 0x6e, 0x3f, 0x72, 0x60, 0xa4, 0xe6, 
	0x17, 0x9d, 0x87, 0x5d, 0x2c, 0x69, 0x72, 0x8b, 0x37, 0xd5, 
	0xf9, 0x37, 0xad, 0x1a, 0xef, 0x47, 0xda, 0x9d, 0xcc, 00, 
	0x99, 0x99, 0x7c, 0x8b, 0xe5, 0x66, 0xef, 0xda, 0xab, 0x2e, 
	0x1f, 0xe8, 0x9e, 0x7d, 0x41, 0x2a, 0x10, 0x4e, 0x7c, 0x7e, 
	0xa7, 0x20, 0xb8, 0xfb, 0x19, 0x57, 0x1b, 0x48, 0x22, 0x5b, 
	0xce, 0xce, 0x28, 0xdb, 0xed, 0x97, 0x62, 0xde, 0xc1, 0xfd, 
	0xd2, 0xdd, 0xf1, 0xd, 0x5b, 0x3c, 0x5d, 0x67, 0xf, 0xf2, 
	0x63, 0x73, 0xcf, 0x81, 0x99, 0x6a, 0x36, 0x2d, 0x64, 0x6b, 
	0xdf, 0x23, 0x9c, 0x48, 0x56, 0xf2, 0x9e, 0x67, 0x4, 0x5d, 
	0x14, 0x12, 0x6c, 0xa0, 0x34, 0x31, 0x40, 0x30, 0xd9, 0xee, 
	0x84, 0xfd, 0x7b, 0x2, 0xa5, 0xdb, 0xf3, 0xfb, 0xdf, 0x61, 
	0x60, 0x59, 0xe9, 0x95, 0xce, 00, 0xbf, 0xa9, 0xd9, 0xc, 
	0xca, 0xcd, 0xe3, 0x71, 0x7c, 0xf4, 0x64, 0xfc, 0x13, 0x4f, 
	0x39, 0x66, 0x5c, 0x4e, 0xa, 0x9a, 0x16, 0x9d, 0x7c, 0xfe, 
	0xe9, 0x3f, 0x16, 0x3, 0x3a, 0xfb, 0xef, 0x80, 0xe4, 0x93, 
	0x11, 0xdf, 0x29, 0x7d, 0x73, 0xf6, 0x83, 0xa3, 0x7d, 0xf3, 
	0x44, 0x90, 0x47, 0xa4, 0x6d, 0x8c, 0x66, 0xc9, 0x15, 0xea, 
	0x20, 0xff, 0x21, 0x43, 0xfb, 0x1, 0x51, 0x6b, 0xc, 0x3c, 
	0x3d, 0xec, 0x3f, 0x7a, 0x8, 0x94, 0x3e, 0xde, 0xe9, 0x84, 
	0xca, 0xa1, 0xe0, 0x56, 0x3e, 0xec, 0x6b, 0xb1, 0x18, 0x9d, 
	0x3d, 0x7a, 0xf8, 0xec, 0x68, 0xf4, 0xf5, 0xf1, 0xa3, 0x87, 
	0xb7, 0xb, 0x33, 0x34, 0xc7, 0x5e, 0xa6, 0xe5, 0xac, 0x3d, 
	0x4c, 0xb, 0x32, 0x1b, 0xfb, 0x8f, 0x4f, 0x98, 0x34, 0x84, 
	0xe, 0x6e, 0x43, 0xb0, 0xbb, 0xb8, 0xb8, 0x50, 0x7, 0x17, 
	0xb4, 0xd3, 0xa8, 0x2e, 0x22, 0xb9, 0xd8, 0xf6, 0x65, 0x7f, 
	0x93, 0x84, 0xf1, 0x97, 0x92, 0x30, 0xa0, 0xee, 0x7c, 0x71, 
	0x7b, 0xe7, 0x67, 0xf7, 0x9, 0xa5, 0xbf, 0x67, 0x7f, 0xd7, 
	0x54, 0xdb, 0xef, 0xdd, 0x82, 0x5d, 0xc6, 0x45, 0xb9, 0xa9, 
	0x7c, 0xb3, 0x4f, 0x6a, 0xe6, 0xff, 0xfd, 0x1f, 0xc5, 0x2f, 
	0x27, 0x3f, 0xf1, 0x8d, 0xe4, 0x9d, 0xd, 0xda, 0x15, 0xc3, 
	0xad, 0xff, 0xaa, 0x73, 0x20, 0xdf, 0x81, 0x3f, 0xf8, 0x3f, 
	0xee, 0x46, 0x3e, 0x67, 0x18, 0x2e, 00, 00, };

const struct fsdata_file file_404_html[] = {{NULL, name_404_html, data_404_html, sizeof(data_404_html)}};

const struct fsdata_file file_vapeserver_jpeg[] = {{file_404_html, name_vapeserver_jpeg, data_vapeserver_jpeg, sizeof(data_vapeserver_jpeg)}};

const struct fsdata_file file_index_html_gz[] = {{file_vapeserver_jpeg, name_index_html_gz, data_index_html_gz, sizeof(data_index_html_gz)}};

#define FS_ROOT file_index_html_gz

#define FS_NUMFILES 3